time,neg_ns,pos_ns,neutral_ns,sum_pos_ns,sum_neg_ns,sum_pos_s,sum_neg_s,comp_ns,neg_s,pos_s,neu_s,comp_s,coin,open,close,high,low,label
1546387200.0,18,46,24,23.7948,-16.2574,102.143,-16.757100000000005,15.6643,53,198,84,77.25180000000002,LTC,32.18,33.56,33.98,32.83,-1
1546473600.0,16,29,12,13.155300000000002,-14.62,54.18879999999998,-12.103799999999998,5.8453,43,132,67,34.774999999999984,LTC,33.56,31.96,32.62,31.48,1
1546560000.0,21,33,30,16.0338,-17.997399999999992,56.0753,-18.54,7.035099999999999,63,121,135,28.5366,LTC,31.96,32.49,33.2,32.04,1
1546646400.0,22,65,67,34.174,-20.2722,145.16709999999986,-37.71,24.0121,103,275,350,97.21779999999987,LTC,32.44,34.94,36.61,32.43,1
1546732800.0,37,76,68,38.89959999999999,-39.35,229.6342,-97.58249999999997,19.156299999999987,213,469,399,112.05360000000002,LTC,34.94,39.45,40.63,34.61,-1
1546819200.0,17,37,36,20.351,-13.3486,145.20489999999995,-32.5018,13.711300000000005,110,278,227,106.24520000000004,LTC,39.42,38.04,39.51,37.65,1
1546905600.0,36,78,59,41.7602,-27.88639999999999,291.56670000000014,-60.7287,27.81700000000001,204,534,441,216.8948000000001,LTC,38.04,39.56,40.69,37.95,-1
1546992000.0,28,74,53,37.114,-23.4154,210.8054999999999,-45.57120000000001,25.397000000000013,131,416,280,153.4894,LTC,39.56,38.95,40.26,38.89,-1
1547078400.0,53,75,56,38.52840000000001,-51.6366,178.06260000000003,-92.98669999999998,12.684499999999995,247,343,240,58.98599999999998,LTC,38.95,33.57,35.65,32.7,-1
1547164800.0,18,32,32,17.0737,-13.341799999999996,87.54909999999998,-24.7173,10.377,84,168,165,55.85129999999997,LTC,33.57,32.05,33.79,31.83,1
1547251200.0,15,22,25,14.431800000000004,-13.619799999999994,69.26359999999997,-27.9253,7.621099999999998,75,105,135,34.5526,LTC,32.05,32.37,32.57,31.81,-1
1547337600.0,27,39,44,17.140199999999997,-25.4486,77.83429999999996,-49.6266,4.4159000000000015,125,177,185,15.483399999999996,LTC,32.37,30.22,32.18,29.99,1
1547424000.0,26,42,43,22.2048,-23.811799999999995,87.03579999999994,-33.831,10.2989,101,163,199,41.29890000000001,LTC,30.22,32.39,32.9,31.46,-1
1547510400.0,15,17,16,8.478800000000001,-14.655599999999994,33.034000000000006,-29.1646,1.1509999999999994,78,58,92,-3.458399999999985,LTC,32.39,31.33,32.14,30.87,1
1547596800.0,9,13,13,7.250300000000001,-8.4494,37.98300000000001,-24.1501,3.0256000000000003,48,72,75,9.608199999999998,LTC,31.33,31.72,31.94,31.26,1
1547683200.0,9,13,22,5.757999999999999,-6.528200000000001,34.0827,-12.5765,2.5068,37,71,141,18.3195,LTC,31.72,32.03,32.22,31.0,-1
1547769600.0,13,19,28,9.2902,-9.6276,31.0133,-13.0211,4.476400000000001,49,73,119,13.178399999999998,LTC,32.03,31.23,31.77,30.95,1
1547856000.0,7,20,23,7.520800000000001,-8.2672,28.23190000000001,-26.974,3.3872000000000004,59,74,107,-2.875700000000001,LTC,31.23,32.56,33.07,31.93,-1
1547942400.0,17,23,16,13.520299999999995,-17.2106,58.68280000000001,-26.3286,4.914999999999999,75,95,63,23.7489,LTC,32.56,30.86,32.05,30.67,1
1548028800.0,8,18,15,9.0385,-7.423800000000001,31.869100000000003,-16.806200000000004,5.326600000000001,37,64,72,11.350999999999999,LTC,30.86,31.2,31.35,30.87,1
1548115200.0,6,24,26,12.794000000000002,-4.9166,67.84859999999995,-4.7288999999999985,10.335700000000003,17,126,109,60.66139999999998,LTC,31.2,31.69,31.98,30.72,1
1548201600.0,8,15,15,7.9338000000000015,-8.1022,34.267799999999994,-22.0001,3.8827000000000007,47,68,76,8.216600000000001,LTC,31.69,31.87,32.09,31.38,1
1548288000.0,7,20,24,11.000899999999998,-7.032599999999999,42.913299999999964,-14.833799999999998,7.458800000000001,38,83,119,24.485800000000005,LTC,31.87,32.79,33.16,31.63,1
1548374400.0,4,21,16,10.884800000000002,-3.2281999999999997,59.66619999999998,-5.2788,9.2707,19,118,73,52.77329999999999,LTC,32.79,32.83,32.99,32.27,1
1548460800.0,14,19,15,10.857000000000001,-11.778200000000002,72.1702,-20.7798,4.587299999999999,59,127,66,45.72710000000002,LTC,32.83,33.1,33.63,32.86,-1
1548547200.0,13,13,16,6.5124,-10.0546,26.9457,-10.645799999999998,1.5108999999999997,42,53,82,11.350000000000005,LTC,33.1,32.35,33.04,32.06,-1
1548633600.0,21,37,24,19.049100000000006,-17.951599999999996,61.66260000000001,-40.17440000000001,10.0733,103,116,105,12.5124,LTC,32.35,31.11,31.57,30.42,-1
1548720000.0,5,27,23,14.398700000000002,-4.3035999999999985,67.4421,-8.953,12.2663,29,118,118,56.473099999999974,LTC,31.11,30.88,31.2,30.4,1
1548806400.0,13,28,26,11.8022,-11.3982,48.2122,-22.9571,6.1031,66,111,134,19.555999999999987,LTC,30.88,31.76,31.9,31.09,-1
1548892800.0,7,21,21,9.1167,-5.5013999999999985,64.67360000000001,-20.183,6.4047,61,141,148,41.77860000000001,LTC,31.76,31.39,31.91,31.14,1
1548979200.0,11,48,37,21.324500000000004,-11.3232,113.37779999999997,-21.864,15.693300000000004,54,238,171,85.9775,LTC,31.39,32.61,33.4,31.28,1
1549065600.0,6,48,41,24.142200000000006,-7.1662,100.9511999999999,-20.8516,20.5633,50,199,189,76.54879999999996,LTC,32.61,34.64,34.94,33.03,-1
1549152000.0,6,32,29,15.521700000000004,-5.7386,99.76729999999998,-14.6978,12.672600000000005,33,212,161,82.5032,LTC,34.54,33.26,34.9,32.83,1
1549238400.0,20,38,43,18.8842,-18.78499999999999,92.94619999999992,-44.72529999999999,9.5269,112,198,230,39.0396,LTC,33.37,33.8,34.08,33.1,1
1549324800.0,18,46,38,23.245000000000005,-18.2562,131.7283,-44.59329999999999,14.116899999999998,86,261,189,78.00690000000002,LTC,33.8,34.11,34.33,33.6,-1
1549411200.0,17,19,16,10.44,-15.017499999999995,47.90639999999999,-27.257500000000004,2.609,86,95,91,13.44720000000001,LTC,34.11,32.72,33.63,32.35,1
1549497600.0,5,14,21,6.3923,-4.7022,60.67559999999999,-5.1779,4.092799999999999,17,120,118,53.5594,LTC,32.72,33.02,33.14,32.49,1
1549584000.0,90,231,171,115.83939999999993,-80.9665999999999,609.1257999999998,-152.45239999999995,75.2089,435,1159,833,415.68460000000033,LTC,33.18,43.13,46.2,32.84,1
1549670400.0,35,100,78,50.96339999999998,-34.045000000000016,273.4322,-61.21050000000002,33.956500000000005,164,540,434,195.1272,LTC,43.13,44.61,46.0,42.34,1
1549756800.0,49,100,93,52.06369999999996,-43.69739999999997,286.46490000000017,-110.65749999999998,30.291900000000016,276,540,499,154.18990000000005,LTC,44.61,46.86,47.42,42.12,-1
1549843200.0,33,52,42,29.795500000000004,-27.833399999999987,147.8238,-74.6753,15.904600000000002,209,249,265,59.30919999999997,LTC,46.87,42.61,46.01,41.89,1
1549929600.0,31,76,54,37.713099999999976,-26.8216,175.6514999999999,-43.76149999999999,24.276499999999995,126,354,245,118.01479999999997,LTC,42.61,43.7,44.2,42.25,-1
1550016000.0,38,40,58,19.210800000000006,-33.51300000000001,102.38249999999996,-58.46870000000001,2.4405,168,216,218,27.143499999999975,LTC,43.7,41.61,44.03,40.85,-1
1550102400.0,27,48,46,26.343399999999992,-28.6964,119.18929999999986,-58.4994,12.042600000000002,127,203,166,46.43650000000003,LTC,41.61,41.23,42.02,40.66,1
1550188800.0,34,61,68,29.83449999999999,-29.4842,147.3273,-62.55620000000001,15.131099999999995,157,293,325,70.41599999999995,LTC,41.23,42.44,43.7,41.25,1
1550275200.0,14,25,42,11.019999999999998,-12.516799999999998,59.9771,-32.017399999999995,4.746000000000001,93,123,228,21.6545,LTC,42.44,43.37,44.09,42.39,1
1550361600.0,12,25,36,11.2681,-10.5616,76.688,-18.9358,5.8762000000000025,54,156,190,53.00099999999997,LTC,43.37,43.9,44.71,43.43,1
1550448000.0,48,116,110,59.04979999999998,-40.751399999999975,310.6744000000002,-73.45529999999997,38.734299999999976,225,579,493,217.25620000000012,LTC,43.9,48.01,49.1,46.21,-1
1550534400.0,22,57,68,30.021200000000004,-16.332999999999995,165.12859999999995,-27.3733,21.8764,96,288,346,129.77059999999986,LTC,48.01,47.4,48.78,47.17,1
1550620800.0,50,107,104,55.62880000000001,-46.32159999999996,329.2763999999998,-128.7646,32.468,312,613,629,177.35100000000025,LTC,47.4,51.54,52.1,47.49,-1
1550707200.0,22,70,60,39.8458,-21.632400000000004,203.3087,-47.64359999999999,29.003800000000005,109,360,344,144.6940999999999,LTC,51.54,48.9,51.14,48.27,1
1550793600.0,28,42,38,21.139699999999987,-22.43500000000001,132.5183,-65.8638,9.947999999999997,162,261,262,55.66919999999998,LTC,48.9,49.48,50.15,48.8,1
1550880000.0,47,60,73,29.3494,-39.1942,135.79099999999985,-109.9328,9.6878,298,286,422,6.0418,LTC,49.48,51.78,52.65,50.62,-1
1550966400.0,59,93,80,46.68209999999997,-52.57909999999998,235.87190000000007,-118.89400000000003,20.31690000000001,313,453,424,90.59389999999986,LTC,51.78,44.01,48.09,43.07,1
1551052800.0,15,40,40,21.679299999999994,-16.858999999999995,152.49480000000003,-43.588,13.3099,86,280,279,100.6782,LTC,44.01,45.61,46.72,44.53,-1
1551139200.0,29,51,32,27.287400000000005,-27.84020000000001,116.1772,-54.04380000000001,13.318799999999996,133,227,175,48.06779999999999,LTC,45.61,44.9,45.7,44.33,1
1551225600.0,26,38,62,19.2838,-20.686999999999994,98.80329999999996,-49.0378,8.940299999999997,146,202,311,39.422,LTC,44.9,45.32,45.51,44.28,1
1551312000.0,30,45,62,21.3838,-30.785200000000003,125.54069999999996,-65.8652,6.0678,155,271,295,44.52560000000001,LTC,45.32,45.77,46.19,45.15,1
1551398400.0,27,48,56,25.03720000000001,-26.59980000000001,144.51149999999984,-67.0184,11.7613,159,276,327,64.25439999999996,LTC,45.77,47.13,48.7,45.75,1
1551484800.0,31,65,78,34.3732,-29.95100000000001,150.02960000000004,-59.0913,19.4862,156,283,323,76.39420000000003,LTC,47.13,48.77,49.57,47.27,-1
1551571200.0,18,33,34,18.368,-19.0002,128.87159999999994,-44.6824,8.854999999999997,104,226,184,74.76649999999995,LTC,48.77,47.92,48.8,47.54,-1
1551657600.0,22,44,44,24.2129,-19.570800000000006,152.0584,-43.54919999999999,14.466799999999996,128,281,195,98.90970000000013,LTC,47.92,45.97,47.01,45.34,1
1551744000.0,65,124,93,67.32300000000001,-62.31519999999999,363.1446,-130.37039999999993,36.13959999999999,327,648,516,201.33280000000008,LTC,45.97,52.81,54.43,47.38,1
1551830400.0,40,111,87,63.869799999999984,-33.14200000000001,401.3113000000003,-75.79309999999995,47.256499999999974,226,706,542,309.0462000000004,LTC,52.81,55.57,56.5,52.04,1
1551916800.0,40,100,72,56.6506,-31.40039999999999,406.6941999999996,-63.396,40.94889999999999,195,691,545,327.8607999999997,LTC,55.85,57.24,59.67,54.32,-1
1552003200.0,42,59,53,30.4165,-32.30119999999998,204.65590000000003,-73.7081,14.2779,254,365,274,114.82119999999996,LTC,56.84,55.62,57.13,54.85,1
1552089600.0,28,56,34,30.937499999999996,-26.62730000000001,205.8157,-73.3061,17.236599999999992,168,389,193,119.6993,LTC,55.62,57.87,59.73,56.73,-1
1552176000.0,28,48,49,26.0843,-20.703799999999994,108.2188,-42.0927,15.7582,146,200,279,55.825799999999994,LTC,57.87,56.83,57.89,56.47,-1
1552262400.0,19,52,49,24.6085,-18.8408,118.37019999999998,-51.7332,15.1881,120,264,227,57.21659999999999,LTC,56.83,54.87,56.5,54.09,1
1552348800.0,24,42,41,22.3358,-17.053999999999995,141.7283,-45.4164,13.7742,178,277,296,87.54270000000002,LTC,54.87,56.66,56.89,53.27,-1
1552435200.0,19,37,43,19.8575,-14.142400000000002,122.2232,-33.402100000000004,12.730499999999996,116,221,254,81.50510000000004,LTC,56.66,55.5,56.63,54.88,1
1552521600.0,33,68,65,36.274499999999975,-22.011000000000006,212.97390000000007,-57.2227,25.320599999999995,189,410,431,144.95209999999992,LTC,55.5,56.01,57.33,54.57,1
1552608000.0,55,91,152,48.586499999999994,-46.69079999999998,273.5135,-110.58089999999996,25.2424,320,548,821,139.58960000000002,LTC,56.01,58.51,58.98,56.63,1
1552694400.0,20,43,47,20.890999999999995,-17.141800000000003,168.39130000000006,-55.9157,12.3459,151,331,369,103.95630000000007,LTC,58.51,61.49,63.02,59.96,-1
1552780800.0,11,31,26,16.7043,-10.1674,135.7311,-43.4862,11.6206,105,263,267,87.16120000000002,LTC,61.49,60.73,61.33,60.21,-1
1552867200.0,11,32,22,17.825499999999995,-11.3684,189.3475,-49.9237,12.1413,106,319,185,133.73959999999994,LTC,60.73,59.19,61.79,58.8,1
1552953600.0,16,36,36,20.1409,-15.1267,128.8914,-49.9942,12.3764,110,238,236,71.53499999999998,LTC,59.19,59.64,60.24,59.2,1
1553040000.0,30,55,64,27.9978,-26.990400000000008,143.92319999999995,-63.6667,14.530200000000002,173,289,375,66.92690000000006,LTC,59.64,60.53,60.93,58.34,-1
1553126400.0,14,39,26,20.123300000000004,-11.4662,95.52009999999994,-22.0847,14.3515,77,205,243,67.58619999999998,LTC,60.53,58.75,59.79,58.2,1
1553212800.0,18,28,28,12.940199999999995,-17.010200000000005,81.71399999999993,-42.8727,4.4351,112,186,185,30.336200000000005,LTC,58.75,59.45,59.53,58.37,1
1553299200.0,18,28,28,14.771300000000002,-13.5656,132.3959,-50.99830000000001,7.9885,155,233,222,74.61480000000003,LTC,59.45,60.95,61.51,59.31,-1
1553385600.0,14,23,28,10.335800000000004,-13.003999999999998,64.55259999999998,-42.8988,3.8596,103,138,194,15.2808,LTC,60.95,59.87,60.75,59.23,-1
1553472000.0,10,15,25,6.4746000000000015,-9.646999999999998,44.4303,-22.5519,1.6511,51,104,190,17.0549,LTC,59.87,58.87,59.54,57.89,-1
1553558400.0,18,32,25,15.1801,-16.1374,80.7547,-47.1405,7.094100000000001,129,188,186,25.4763,LTC,58.87,58.74,59.29,58.15,1
1553644800.0,11,37,31,16.8392,-8.497600000000002,152.19360000000003,-26.392000000000003,12.5904,76,362,254,121.55279999999996,LTC,58.74,61.54,61.82,60.2,-1
1553731200.0,12,22,31,12.280600000000005,-12.3516,98.4931,-26.4773,6.104800000000001,68,174,231,65.83999999999999,LTC,61.54,60.67,61.48,60.51,1
1553817600.0,15,37,28,21.1829,-15.406200000000002,139.2328,-26.5173,13.4798,67,229,212,105.01239999999994,LTC,60.67,61.55,62.08,60.97,-1
1553904000.0,12,29,30,13.3984,-9.261000000000001,73.99039999999995,-19.4052,8.767900000000001,72,149,208,49.954699999999974,LTC,61.55,60.58,61.65,60.58,1
1553990400.0,7,32,22,14.259699999999993,-5.121000000000001,88.17419999999998,-9.119799999999998,11.724999999999996,30,184,163,76.5455,LTC,60.58,60.62,60.79,60.17,-1
1554076800.0,13,27,27,12.453,-9.9484,70.17629999999997,-31.6276,7.4788,92,156,198,33.574499999999986,LTC,60.62,60.57,61.36,60.32,1
1554163200.0,126,246,286,124.1378999999998,-110.91799999999996,914.881300000001,-295.1493000000001,68.79179999999995,797,1781,1894,565.195000000001,LTC,60.57,77.58,78.51,68.5,1
1554249600.0,151,288,284,150.94329999999988,-138.92919999999987,1094.6463999999992,-400.5567,81.55899999999995,1001,2047,1787,624.9488999999999,LTC,77.58,85.7,94.01,77.93,-1
1554336000.0,30,84,68,42.0538,-25.293,323.8829000000002,-71.5752,29.433100000000003,186,597,483,239.7644,LTC,85.7,84.95,87.51,82.3,1
1554422400.0,18,58,31,35.078900000000004,-15.3934,269.9165999999999,-63.1633,27.3822,143,444,253,199.0566,LTC,84.95,88.93,90.24,86.91,1
1554508800.0,27,65,91,28.67370000000001,-23.432199999999995,197.90590000000003,-64.26480000000001,16.9576,182,437,682,121.925,LTC,88.93,92.5,95.43,86.98,-1
1554595200.0,16,42,49,20.8512,-12.612999999999998,167.71019999999996,-42.76020000000001,14.570499999999996,105,338,489,119.2627,LTC,92.5,92.06,96.48,91.12,-1
1554681600.0,15,45,50,19.866199999999992,-14.511599999999993,140.8772000000001,-65.56550000000001,12.586400000000005,157,328,359,67.53389999999996,LTC,92.06,89.58,94.5,88.57,-1
1554768000.0,27,34,34,17.666999999999994,-25.97199999999999,162.64399999999995,-103.0118,4.7096,229,307,272,46.70339999999999,LTC,89.58,86.97,89.51,84.73,1
1554854400.0,26,50,43,26.23089999999999,-21.50019999999999,234.8332000000001,-87.94559999999996,15.506599999999995,245,423,377,136.26649999999998,LTC,86.97,88.4,90.42,87.6,-1
1554940800.0,42,59,56,29.3926,-39.6472,187.25409999999988,-85.16030000000002,9.568999999999997,244,375,340,82.27020000000003,LTC,88.4,79.46,83.91,75.98,-1
1555027200.0,16,32,34,15.6744,-12.835200000000002,121.50269999999996,-37.47929999999999,9.234099999999998,108,246,240,77.17449999999997,LTC,79.46,78.97,80.64,77.85,-1
1555113600.0,10,28,32,13.972200000000004,-11.078400000000002,94.30620000000003,-38.7624,8.407200000000001,77,191,239,49.9014,LTC,78.97,78.14,80.88,76.67,1
1555200000.0,4,18,23,8.919500000000003,-2.4252,84.50219999999996,-9.0451,7.706900000000003,32,173,218,74.24449999999995,LTC,78.14,83.84,83.89,78.41,-1
1555286400.0,19,25,35,11.3214,-17.171,71.78729999999999,-47.52629999999999,2.708,117,151,200,15.464900000000005,LTC,83.84,78.28,82.41,75.76,1
1555372800.0,21,42,40,22.95360000000001,-16.791200000000007,160.73960000000002,-32.9252,14.158199999999995,113,290,263,119.81859999999996,LTC,78.28,80.85,82.05,80.12,-1
1555459200.0,27,60,38,34.925700000000006,-23.70460000000001,182.20700000000008,-55.1726,23.146100000000004,148,311,268,115.58079999999994,LTC,80.85,79.28,81.63,79.22,1
1555545600.0,23,46,53,22.61200000000001,-21.9046,131.14639999999997,-54.86140000000001,11.646800000000002,128,250,389,65.34559999999995,LTC,79.28,82.2,83.95,80.09,1
1555632000.0,1,30,38,13.854699999999998,-0.4336,108.56140000000003,-0.4336,13.637899999999998,3,228,339,107.91100000000004,LTC,82.2,82.61,83.56,81.34,-1
1555718400.0,7,27,15,14.237000000000005,-5.9636,140.32169999999996,-12.8843,11.2681,42,275,118,124.55879999999996,LTC,82.61,81.7,83.41,80.74,-1
1555804800.0,17,23,32,11.3758,-15.5326,68.1045,-50.0157,3.6418,130,137,225,10.774699999999996,LTC,81.7,77.3,81.6,75.02,-1
1555891200.0,15,21,26,10.7835,-12.281800000000004,77.41529999999999,-30.3089,4.642600000000002,104,139,203,40.96549999999999,LTC,77.3,76.98,79.14,76.66,-1
1555977600.0,25,54,36,25.600800000000014,-19.836399999999987,173.49470000000008,-79.36829999999998,15.706600000000002,202,352,264,84.30419999999995,LTC,76.98,74.28,79.32,74.11,-1
1556064000.0,27,43,51,20.9726,-22.1292,127.89450000000002,-64.7879,9.9578,176,255,246,52.4404,LTC,74.28,73.42,73.75,70.36,-1
1556150400.0,30,61,57,33.5322,-31.285199999999985,165.29610000000002,-55.4345,17.8037,133,306,323,93.78069999999997,LTC,73.42,71.04,71.92,69.08,1
1556236800.0,21,38,27,17.566599999999998,-20.6142,128.7749,-58.2381,7.2177000000000024,125,256,194,59.81169999999993,LTC,71.04,72.75,73.07,71.29,-1
1556323200.0,13,26,17,11.9668,-15.045200000000005,66.6718,-43.9561,4.4313,84,149,110,15.5285,LTC,72.75,71.17,72.74,70.91,-1
1556409600.0,24,50,34,23.9851,-22.55359999999999,108.0724999999999,-31.357899999999994,12.734100000000002,86,220,207,65.64419999999998,LTC,71.44,69.44,72.07,68.96,-1
1556496000.0,34,46,53,21.7329,-25.462200000000006,136.41869999999992,-61.166,8.976000000000003,183,261,258,62.44419999999996,LTC,69.44,67.78,69.25,66.89,1
1556582400.0,30,66,65,33.54089999999999,-28.5588,213.4393,-72.37540000000003,19.3255,169,424,332,126.93829999999996,LTC,67.78,74.64,74.86,69.24,-1
1556668800.0,12,32,33,17.007400000000004,-11.316000000000004,117.10289999999996,-32.9638,11.349399999999996,82,211,219,78.48109999999998,LTC,74.64,73.46,75.88,72.54,1
1556755200.0,9,32,35,18.0551,-7.1896,113.35889999999998,-15.801000000000002,14.4345,48,190,208,93.8857,LTC,73.46,73.76,75.47,72.94,1
1556841600.0,35,61,81,28.7419,-26.7844,119.56519999999985,-34.0883,15.349700000000007,129,249,427,72.08469999999993,LTC,73.76,78.99,80.26,73.87,-1
1556928000.0,8,15,18,7.1001,-7.617000000000003,35.00610000000001,-17.293599999999998,3.2916000000000003,43,76,91,13.904000000000005,LTC,78.99,77.97,82.35,77.09,-1
1557014400.0,19,30,25,13.9279,-18.126999999999992,67.2434,-17.214299999999998,4.8386,60,128,133,40.836599999999976,LTC,77.97,75.9,77.87,75.85,-1
1557100800.0,12,25,24,10.9059,-10.8424,57.6552,-19.1002,5.507900000000001,56,144,129,33.022800000000004,LTC,75.9,74.96,76.57,72.89,-1
1557187200.0,20,31,23,15.275900000000002,-15.262599999999996,102.46869999999996,-37.32899999999999,7.670400000000001,108,204,159,57.55999999999998,LTC,74.96,74.2,78.68,73.09,1
1557273600.0,12,34,22,17.497599999999995,-9.2996,84.3884,-28.3859,12.8478,76,169,129,51.352699999999984,LTC,74.2,74.56,76.54,74.32,-1
1557360000.0,23,38,46,19.1447,-18.8604,90.73299999999998,-33.130199999999995,9.766099999999998,97,207,231,48.32739999999998,LTC,74.56,74.06,76.84,73.38,1
1557446400.0,18,36,59,20.844100000000005,-15.453399999999993,114.8856,-30.0873,13.091599999999998,103,210,367,76.83939999999997,LTC,74.06,76.94,79.42,73.88,1
1557532800.0,48,150,163,74.93599999999995,-42.352399999999975,410.4451999999996,-81.4154,53.739600000000046,234,799,930,307.6403999999997,LTC,76.94,87.88,95.29,82.48,-1
1557619200.0,32,62,64,30.24029999999999,-27.283200000000008,165.32260000000014,-47.535,16.5446,153,341,352,103.5991,LTC,87.88,84.85,88.2,83.87,1
1557705600.0,57,113,116,56.15629999999997,-48.81379999999999,318.2602,-115.7317,31.831,317,627,668,178.56240000000003,LTC,84.85,87.67,96.64,86.88,1
1557792000.0,32,64,62,31.3562,-22.989000000000004,187.4707,-59.4723,19.858200000000007,204,388,418,116.60729999999981,LTC,87.67,91.45,93.45,88.18,1
1557878400.0,61,182,174,92.66359999999996,-53.11470000000003,644.4596000000005,-182.9855000000001,65.67779999999989,490,1223,1253,435.37549999999976,LTC,91.45,102.22,105.74,92.8,-1
1557964800.0,48,123,99,64.28569999999998,-45.8302,337.4172999999998,-97.1293,41.35769999999999,246,660,571,216.97300000000016,LTC,102.22,95.59,101.58,91.02,-1
1558051200.0,44,69,58,32.02889999999999,-36.266999999999996,218.59300000000007,-99.2589,13.777799999999996,285,453,296,101.35960000000006,LTC,95.59,89.94,91.63,86.62,-1
1558137600.0,8,17,31,8.6454,-6.407000000000001,41.6514,-12.538,5.4419,37,85,181,25.909900000000004,LTC,89.94,86.68,88.65,85.74,1
1558224000.0,27,56,49,28.4462,-24.085599999999985,159.1648999999999,-25.0611,16.4034,86,308,210,122.06099999999998,LTC,86.68,94.96,98.4,94.88,-1
1558310400.0,24,26,35,12.5563,-19.7448,79.38349999999997,-59.60600000000001,2.657600000000001,158,148,236,9.79840000000001,LTC,94.96,91.74,93.26,90.94,-1
1558396800.0,18,33,39,17.0256,-16.5684,95.21429999999998,-25.4076,8.699100000000001,82,169,230,61.43789999999999,LTC,91.74,91.24,92.83,89.89,-1
1558483200.0,25,33,50,15.488700000000005,-23.9962,66.21470000000001,-52.91410000000001,3.4648000000000017,130,143,321,1.2509000000000214,LTC,91.24,87.71,89.08,84.12,1
1558569600.0,13,34,33,18.2151,-8.4726,71.80069999999998,-11.2326,13.978800000000005,61,138,150,56.33179999999997,LTC,87.71,89.0,90.89,88.22,1
1558656000.0,56,166,144,80.62319999999994,-41.75439999999999,406.04989999999975,-79.27759999999995,59.7331,273,839,735,305.5725999999998,LTC,89.0,100.83,102.51,90.2,1
1558742400.0,29,59,61,30.76140000000001,-24.5816,161.3764,-48.68719999999999,18.496400000000012,140,309,281,100.4499999999999,LTC,100.83,103.08,105.57,100.09,1
1558828800.0,27,106,90,57.70850000000001,-22.736,384.13529999999963,-61.55049999999999,46.36730000000001,158,681,549,311.6881999999996,LTC,103.08,112.48,116.15,107.07,1
1558915200.0,79,124,116,67.98049999999998,-63.10779999999993,444.89889999999986,-170.1585999999999,36.50100000000001,465,755,751,243.87460000000007,LTC,112.48,116.93,120.18,111.48,-1
1559001600.0,25,72,57,37.9718,-18.030599999999996,207.41499999999994,-41.8235,28.865500000000008,127,401,337,155.92839999999987,LTC,116.93,114.83,117.27,113.0,1
1559088000.0,39,78,57,38.93339999999998,-35.496,262.72600000000017,-89.98479999999998,21.133799999999994,237,520,422,154.4256000000001,LTC,114.83,115.24,117.32,111.51,-1
1559174400.0,60,111,97,52.78920000000002,-53.785,261.0898,-126.6708,25.9055,330,530,501,107.5054,LTC,115.24,107.92,112.23,105.11,1
1559260800.0,27,49,44,25.93940000000001,-22.425000000000004,142.36739999999998,-57.06139999999999,14.8043,162,251,262,74.71269999999997,LTC,107.92,114.49,114.49,109.11,-1
1559347200.0,21,37,24,17.4527,-17.723000000000006,104.45909999999998,-25.219200000000004,8.5912,79,242,167,70.37839999999998,LTC,114.49,112.6,116.87,111.83,1
1559433600.0,6,22,40,10.855,-3.551,85.34389999999995,-10.6554,9.079499999999998,45,152,199,72.91299999999991,LTC,112.6,114.64,116.04,113.94,-1
1559520000.0,22,40,44,20.234700000000004,-18.335799999999992,93.26649999999998,-38.36279999999999,11.040999999999999,104,184,213,45.68420000000002,LTC,114.64,106.06,108.41,104.68,-1
1559606400.0,33,74,74,36.037199999999984,-31.581400000000013,167.98249999999987,-55.4637,20.29119999999999,148,341,299,96.99000000000002,LTC,106.06,102.03,102.19,98.73,1
1559692800.0,34,62,52,34.7014,-39.21480000000001,178.0847,-76.0506,15.093999999999998,155,307,252,82.42669999999997,LTC,102.03,103.86,104.4,102.07,1
1559779200.0,37,92,59,50.7498,-27.2252,253.80320000000003,-58.41609999999999,37.201700000000024,204,443,373,181.9809,LTC,103.86,111.57,113.05,103.6,1
1559865600.0,58,115,145,57.84359999999999,-50.56160000000003,350.6082999999997,-100.5504,32.49520000000002,305,674,832,224.39159999999995,LTC,111.57,117.16,119.56,113.0,1
1559952000.0,28,55,59,27.18490000000001,-26.011399999999995,207.4854,-84.55080000000002,14.179199999999994,197,418,326,109.92889999999998,LTC,117.16,118.61,120.67,114.88,-1
1560038400.0,30,61,70,30.842400000000016,-25.4868,185.0252,-50.970699999999994,18.124800000000008,139,368,370,121.46589999999992,LTC,118.61,114.88,115.03,112.21,1
1560124800.0,61,168,161,83.62249999999993,-48.88259999999997,546.9119999999995,-122.0194,59.20699999999997,363,1030,1065,400.70930000000016,LTC,114.88,130.1,130.82,119.99,1
1560211200.0,82,198,252,100.3421999999999,-65.15160000000003,702.8471999999997,-190.1854,67.86549999999988,570,1351,1707,480.9081000000001,LTC,130.1,136.42,138.71,126.6,-1
1560297600.0,113,251,198,129.41939999999985,-96.02139999999994,717.2465000000003,-243.65379999999996,81.3796,666,1389,1113,425.5495999999994,LTC,136.42,136.26,144.68,132.18,-1
1560384000.0,60,157,109,75.89899999999993,-48.85459999999997,447.8128999999997,-98.82630000000003,51.4201,300,894,585,324.19809999999967,LTC,136.26,130.95,138.11,128.15,1
1560470400.0,47,144,119,70.09519999999999,-38.84160000000002,414.7900000000001,-85.04000000000002,50.692699999999974,246,813,692,310.3658000000004,LTC,130.95,132.76,139.19,129.89,1
1560556800.0,40,65,82,35.8308,-34.178000000000004,256.70590000000016,-69.7627,18.779,190,425,552,170.07890000000015,LTC,132.76,138.38,140.51,134.84,-1
1560643200.0,30,64,66,32.82650000000001,-27.6478,207.81120000000013,-54.91389999999999,19.039200000000005,172,384,468,139.29299999999998,LTC,138.38,136.84,140.34,130.65,-1
1560729600.0,30,59,86,30.3092,-23.96579999999999,212.66640000000004,-65.7447,18.4075,196,379,505,135.3207999999999,LTC,136.84,134.16,142.37,132.94,1
1560816000.0,27,76,70,42.3389,-25.0974,291.98410000000007,-82.77409999999998,29.74580000000001,200,502,408,196.47650000000004,LTC,134.16,135.32,137.13,129.32,1
1560902400.0,57,89,93,43.19359999999998,-44.27239999999998,312.8717000000001,-115.8241,21.121399999999994,360,575,612,175.50180000000012,LTC,135.32,136.8,141.71,135.59,-1
1560988800.0,31,82,99,42.57939999999999,-25.97519999999999,278.04010000000005,-74.27489999999997,29.5286,198,547,587,190.37020000000007,LTC,136.8,135.8,140.67,133.61,1
1561075200.0,82,142,160,74.77979999999994,-67.95309999999995,394.27120000000014,-176.9724,40.64759999999997,479,768,816,183.4479000000001,LTC,135.8,139.08,147.56,138.98,1
1561161600.0,54,126,80,64.64669999999997,-47.19819999999997,459.3095999999996,-141.06979999999996,40.73980000000002,358,853,444,294.8799999999996,LTC,139.08,141.74,147.3,134.9,-1
1561248000.0,40,76,80,41.8821,-33.0244,226.60089999999974,-71.59619999999998,25.3526,230,393,477,138.31160000000006,LTC,141.74,136.79,144.06,134.61,-1
1561334400.0,56,86,91,44.503400000000006,-46.262,246.35130000000004,-124.76170000000002,21.381200000000003,348,477,532,98.65679999999986,LTC,136.79,135.52,140.6,133.31,-1
1561420800.0,53,128,105,68.21559999999995,-47.1086,387.35609999999986,-140.53059999999996,44.48279999999999,340,705,674,224.64770000000016,LTC,135.52,135.48,145.23,134.43,-1
1561507200.0,108,215,198,111.30859999999987,-97.46819999999991,591.1789000000002,-229.47259999999997,62.67529999999995,612,1141,979,313.5366000000003,LTC,135.48,130.42,149.28,125.97,-1
1561593600.0,96,124,108,60.33909999999996,-88.64279999999992,282.63409999999993,-219.26650000000006,16.142599999999998,562,559,552,19.528200000000012,LTC,130.42,114.22,120.46,105.67,1
1561680000.0,16,46,52,22.6092,-10.835800000000004,154.9583,-52.0241,17.227700000000002,177,313,371,97.7985,LTC,114.22,119.41,129.36,118.89,1
1561766400.0,40,81,82,39.17989999999999,-36.033199999999994,232.0679,-113.84729999999998,21.2149,300,490,630,100.18049999999997,LTC,119.41,133.7,137.02,114.42,-1
1561852800.0,38,50,43,27.838,-34.27429999999999,152.3147,-77.48769999999998,10.3687,221,275,267,58.02409999999999,LTC,133.7,122.34,130.41,116.74,1
1561939200.0,35,42,49,22.1789,-29.434599999999985,130.83700000000002,-58.99930000000001,7.461599999999999,195,244,282,57.120399999999954,LTC,122.34,122.87,124.45,117.46,-1
1562025600.0,38,63,49,32.8235,-40.228399999999965,171.7543,-66.1798,12.104500000000002,149,350,346,86.45210000000002,LTC,122.87,118.85,127.74,116.57,1
1562112000.0,29,57,73,26.691300000000005,-23.539,165.3346000000001,-64.22209999999998,14.9133,186,331,467,89.30899999999995,LTC,118.85,121.97,131.32,121.01,-1
1562198400.0,21,44,29,23.423900000000003,-20.60899999999998,191.2259,-44.73880000000001,13.1308,105,331,144,136.19459999999998,LTC,121.97,119.6,120.38,111.9,-1
1562284800.0,16,28,25,15.3572,-16.8138,81.20899999999997,-21.6563,6.950299999999999,58,153,166,51.14579999999998,LTC,119.6,118.62,120.49,115.21,-1
1562371200.0,22,34,23,18.2305,-23.2228,76.00999999999998,-56.3635,6.640200000000001,125,141,158,8.077300000000006,LTC,118.62,118.34,121.38,116.2,1
1562457600.0,17,33,38,16.0096,-16.623299999999997,85.44909999999999,-60.3829,7.3939,120,171,229,17.471399999999992,LTC,118.34,120.14,121.86,118.53,1
1562544000.0,14,45,30,25.2019,-11.563000000000002,165.45780000000005,-33.2482,19.3946,88,288,178,126.0411,LTC,120.14,123.58,128.99,120.69,-1
1562630400.0,26,53,62,26.531600000000005,-25.24619999999998,106.9388999999999,-46.15409999999999,13.9242,119,216,348,48.177399999999984,LTC,123.58,119.41,126.55,118.75,-1
1562716800.0,64,75,71,40.2004,-61.09219999999997,248.1617000000001,-140.8744,9.705900000000003,371,438,414,77.41200000000002,LTC,119.41,108.2,115.16,99.93,-1
1562803200.0,77,109,86,59.02519999999996,-72.3398,329.8919999999997,-177.30090000000004,22.8428,420,571,421,116.23859999999986,LTC,108.2,102.95,104.35,96.54,1
1562889600.0,36,60,37,30.68280000000001,-31.10439999999999,163.9293999999999,-66.83479999999999,15.150800000000002,190,322,277,81.64899999999984,LTC,102.95,105.11,108.42,103.73,-1
1562976000.0,21,51,43,29.09160000000001,-20.6014,131.8081,-33.5675,18.783400000000004,92,223,176,88.03890000000004,LTC,105.11,101.04,103.43,100.09,-1
1563062400.0,76,125,104,65.14229999999993,-73.95619999999992,311.25490000000013,-125.36659999999996,28.112600000000025,346,586,418,148.60060000000004,LTC,101.04,89.87,91.81,86.58,1
1563148800.0,47,74,65,37.98870000000001,-45.78140000000002,178.9341,-111.80910000000002,15.046399999999998,239,343,265,44.05369999999997,LTC,89.87,90.35,95.76,89.75,-1
1563235200.0,115,114,152,57.6717,-105.64939999999987,219.47060000000027,-171.31250000000003,4.7768000000000015,488,455,562,-4.9933,LTC,90.35,79.51,80.12,75.18,1
1563321600.0,54,106,91,53.9118,-40.771800000000006,200.29840000000007,-85.42350000000002,33.57390000000001,282,403,457,94.6846,LTC,79.51,90.24,93.01,80.63,1
1563408000.0,43,100,83,51.22089999999999,-36.7036,280.1623,-68.6888,32.946500000000036,209,536,440,193.53449999999992,LTC,90.24,101.25,105.35,96.75,-1
1563494400.0,16,34,47,18.1532,-11.7586,80.4128,-31.9301,12.273899999999998,111,150,227,42.603400000000036,LTC,101.25,98.58,100.93,96.79,1
1563580800.0,31,56,46,24.703,-27.426999999999985,145.73130000000003,-52.2333,10.9857,139,306,197,79.4111,LTC,98.58,100.48,105.32,100.28,-1
1563667200.0,11,23,25,13.0669,-9.243999999999998,59.8121,-22.3425,8.1731,58,109,142,33.02040000000001,LTC,100.48,99.68,100.14,96.97,-1
1563753600.0,26,39,37,22.5363,-24.0158,97.8869999999999,-28.378000000000004,10.5284,84,162,145,57.50110000000002,LTC,99.68,95.19,97.69,92.27,-1
1563840000.0,61,86,85,37.557899999999975,-55.074799999999975,140.3521999999999,-64.44699999999997,10.0463,199,340,338,48.41939999999998,LTC,95.19,90.11,91.06,88.35,1
1563926400.0,39,57,62,30.3801,-36.84840000000001,132.5022999999999,-45.9309,11.666200000000002,137,244,266,68.66639999999998,LTC,90.11,94.52,95.72,88.07,-1
1564012800.0,13,34,58,16.6615,-12.1688,89.95709999999998,-20.046100000000006,10.6496,61,175,399,64.0872,LTC,94.52,93.26,95.67,91.37,1
1564099200.0,14,25,42,12.403100000000002,-10.889399999999998,53.90479999999999,-23.7203,6.958399999999998,72,106,212,24.73980000000001,LTC,93.26,94.22,94.62,91.93,-1
1564185600.0,21,27,19,14.041299999999998,-16.4346,54.21979999999999,-20.405100000000008,5.824,77,101,73,25.59740000000001,LTC,94.22,88.74,90.89,87.26,1
1564272000.0,28,50,56,26.4219,-24.0216,99.15719999999992,-32.5006,14.433800000000005,96,178,206,54.58490000000007,LTC,88.74,89.76,90.39,87.25,1
1564358400.0,27,42,43,23.5823,-25.43420000000001,102.53200000000002,-46.6077,10.8879,116,175,218,43.23719999999999,LTC,89.76,90.35,91.19,88.55,1
1564444800.0,16,32,38,16.0374,-11.6446,72.63939999999997,-22.6011,10.183700000000004,75,146,224,44.07019999999999,LTC,90.35,90.35,91.57,90.1,1
1564531200.0,36,68,76,36.9337,-29.47689999999999,179.7498999999999,-54.6091,22.15790000000001,170,328,402,110.6977,LTC,90.35,98.84,100.37,94.68,1
1564617600.0,37,43,56,20.627,-29.115999999999996,94.26849999999996,-68.96439999999998,5.7705,175,197,301,11.0962,LTC,98.84,98.93,102.63,98.46,-1
1564704000.0,31,47,47,20.951600000000006,-29.1296,121.05519999999996,-57.76920000000001,6.402000000000003,156,238,192,48.807799999999936,LTC,98.93,94.81,100.13,93.46,-1
1564790400.0,23,28,33,13.8074,-17.485799999999998,52.82299999999998,-25.1712,5.0387,95,108,150,18.805699999999987,LTC,94.81,94.27,97.83,93.81,-1
1564876800.0,25,41,41,20.0779,-20.865599999999986,92.92409999999997,-46.09320000000001,9.6469,135,182,257,36.4053,LTC,94.27,93.06,96.5,92.59,1
1564963200.0,61,84,100,39.0638,-57.852599999999974,230.8336,-106.91560000000004,10.163299999999994,286,447,532,95.0949,LTC,93.06,96.46,106.56,94.62,-1
1565049600.0,34,61,44,32.12220000000001,-25.28819999999999,135.88179999999986,-35.0568,19.4028,122,263,160,87.94469999999994,LTC,96.46,92.89,94.18,89.75,-1
1565136000.0,55,87,83,46.3997,-50.59679999999997,178.69710000000003,-105.7276,21.1227,279,346,349,47.747900000000016,LTC,92.89,90.65,97.09,89.89,-1
1565222400.0,39,54,65,28.3487,-45.752,143.88150000000005,-37.4524,5.521500000000006,112,275,284,83.88559999999997,LTC,90.65,89.91,93.9,89.84,-1
1565308800.0,44,66,50,32.206399999999995,-41.74339999999999,137.351,-45.0701,11.418700000000005,139,285,197,71.78359999999992,LTC,89.91,84.24,89.81,83.42,1
1565395200.0,50,55,49,27.7312,-45.39309999999999,134.66419999999997,-68.97849999999997,4.823500000000001,192,252,206,43.4325,LTC,84.24,85.32,86.94,80.05,1
1565481600.0,44,83,58,47.9123,-44.9656,203.9826000000001,-72.88499999999998,25.41900000000001,186,375,215,108.66609999999996,LTC,85.32,89.93,92.79,87.17,-1
1565568000.0,27,37,18,18.2502,-24.75280000000001,72.23659999999995,-43.81349999999998,5.873800000000001,117,154,97,16.046699999999998,LTC,89.93,85.71,88.8,85.25,-1
1565654400.0,43,81,62,36.832,-38.43779999999999,147.222,-56.1186,17.6374,177,312,227,72.29759999999989,LTC,85.71,84.58,86.27,80.58,-1
1565740800.0,84,87,132,44.0397,-69.94979999999998,162.53340000000009,-106.88739999999993,9.039,338,314,505,20.490499999999994,LTC,84.58,75.76,81.37,74.13,1
1565827200.0,54,71,69,35.46619999999999,-46.92140000000002,155.0758999999999,-70.4536,12.005500000000005,197,307,230,61.16159999999992,LTC,75.76,76.3,80.27,73.37,-1
1565913600.0,35,65,51,31.056699999999992,-25.574,99.07709999999993,-34.753499999999995,18.327500000000004,143,225,188,51.75540000000004,LTC,76.3,74.84,79.13,74.15,-1
1566000000.0,36,53,48,26.08300000000001,-27.353900000000007,117.2612,-44.2024,11.574200000000005,156,231,191,60.02019999999999,LTC,74.84,72.71,74.45,71.83,1
1566086400.0,46,55,62,26.1462,-41.299999999999976,111.96339999999987,-64.4348,5.390200000000003,186,228,242,26.429100000000034,LTC,72.71,76.42,77.69,73.01,1
1566172800.0,31,31,40,13.5309,-25.08959999999999,50.1707,-49.2611,1.0119000000000002,141,123,154,-11.480400000000007,LTC,76.42,77.19,80.96,77.1,-1
1566259200.0,12,32,29,14.1604,-11.4584,75.7378,-15.1712,8.431199999999999,47,169,118,54.86319999999995,LTC,77.19,75.23,76.84,74.52,-1
1566345600.0,37,58,36,29.75060000000001,-34.738,109.83379999999998,-41.5958,12.347,130,236,201,50.0386,LTC,75.23,73.13,74.12,70.49,1
1566432000.0,22,47,44,23.387799999999995,-16.904,87.97719999999991,-18.7964,14.91,67,160,180,60.65139999999999,LTC,73.13,73.43,74.76,72.5,1
1566518400.0,18,33,22,15.764600000000002,-13.142800000000005,57.45159999999999,-31.3755,9.1914,97,135,107,19.525100000000013,LTC,73.43,75.58,76.41,67.22,-1
1566604800.0,15,24,22,13.404000000000002,-14.431,64.75489999999999,-27.6423,6.188500000000001,68,112,80,29.897100000000016,LTC,75.58,73.41,73.98,72.59,-1
1566691200.0,13,20,26,9.1843,-10.142800000000003,37.09139999999999,-14.1177,4.1129,48,79,118,17.902300000000004,LTC,73.41,72.17,74.79,71.62,1
1566777600.0,15,31,18,12.618199999999995,-16.1814,44.3575,-20.4558,4.5275,61,107,74,15.810999999999995,LTC,72.17,73.49,75.16,72.92,-1
1566864000.0,18,27,14,13.841,-16.609200000000005,73.00339999999996,-12.4836,5.5756999999999985,49,122,65,52.30640000000001,LTC,73.49,72.81,73.56,71.77,-1
1566950400.0,53,79,77,36.71700000000001,-45.97199999999998,152.62250000000003,-97.95690000000002,13.768999999999998,260,332,286,31.7814,LTC,72.81,66.69,69.72,63.79,-1
1567036800.0,40,67,45,34.4321,-35.8053,117.94150000000002,-62.45569999999999,16.3919,185,227,179,37.79809999999997,LTC,66.69,63.54,66.1,63.0,1
1567123200.0,21,33,48,18.0203,-18.886000000000006,101.9643,-38.871,8.577300000000001,95,162,230,53.65029999999998,LTC,63.54,64.31,65.2,63.23,1
1567209600.0,12,21,15,10.7714,-9.946400000000004,36.83780000000001,-22.638800000000003,5.7982000000000005,62,68,46,9.225800000000003,LTC,64.27,64.42,65.93,63.92,1
1567296000.0,35,81,48,43.45829999999999,-33.1948,160.0322000000001,-44.00519999999999,26.97700000000001,128,301,158,99.75209999999993,LTC,64.42,66.05,67.37,63.79,1
1567382400.0,24,44,43,21.8023,-24.215399999999992,97.46629999999992,-30.285300000000003,9.7591,88,184,179,55.24099999999997,LTC,66.12,67.22,70.63,66.8,1
1567468800.0,30,42,28,21.210899999999988,-26.690999999999992,72.89129999999997,-27.3664,7.865400000000001,90,133,111,32.1794,LTC,67.22,69.07,70.82,68.27,-1
1567555200.0,35,43,41,24.18499999999999,-36.29320000000001,97.4529,-68.7646,6.0383999999999975,160,168,164,10.54170000000001,LTC,69.07,67.18,69.31,66.67,-1
1567641600.0,18,30,31,15.715400000000004,-17.075600000000005,69.61229999999995,-21.336,7.177600000000001,74,127,187,39.73849999999999,LTC,67.18,65.15,67.43,64.35,-1
1567728000.0,92,153,160,70.40680000000002,-78.63359999999993,288.3107000000003,-146.87069999999994,31.055899999999994,432,599,616,102.11489999999992,LTC,65.15,64.88,65.36,63.38,1
1568073600.0,17,37,23,18.2325,-14.4076,104.43709999999993,-21.2042,11.028700000000002,64,206,92,76.0290999999999,LTC,69.96,70.85,71.6,68.53,-1
1568160000.0,10,30,29,14.559699999999998,-8.736600000000001,47.2449,-15.9744,10.191399999999998,49,100,117,26.9022,LTC,70.85,69.94,71.94,69.15,-1
1568246400.0,17,42,24,21.1911,-16.014999999999993,96.1177999999999,-18.8813,13.183599999999998,50,192,89,69.22899999999997,LTC,69.94,69.22,71.88,69.1,-1
1568332800.0,17,22,22,12.497700000000002,-18.267599999999995,63.0746,-38.4663,3.3639,81,102,97,15.474500000000019,LTC,69.22,69.05,69.97,68.11,1
1568419200.0,16,13,21,6.9453999999999985,-13.159200000000006,32.031699999999994,-27.3518,0.3400000000000001,74,55,66,-1.925500000000001,LTC,69.14,70.88,72.76,70.44,-1
1568505600.0,16,21,22,9.705,-13.5352,44.91009999999999,-23.6593,2.9374,77,94,102,14.483199999999995,LTC,70.88,70.13,71.74,69.77,1
1568592000.0,5,29,26,15.4499,-3.4939999999999998,71.95849999999997,-4.678,13.728700000000005,19,139,139,65.61089999999997,LTC,70.23,72.95,73.47,69.81,1
1568678400.0,41,87,99,38.89650000000001,-36.393,134.0127999999999,-42.0727,20.662799999999987,139,287,340,73.93559999999998,LTC,72.95,74.29,76.91,71.99,1
1568764800.0,31,58,64,26.402100000000004,-25.4232,107.2654,-40.69389999999999,13.7163,124,222,238,53.93729999999997,LTC,74.29,78.03,80.26,73.78,-1
1568851200.0,30,34,35,13.810199999999995,-27.0118,49.0427,-45.59700000000001,0.3300999999999998,121,131,117,-10.008599999999992,LTC,78.03,77.07,79.46,75.32,-1
1568937600.0,16,31,30,16.006499999999996,-12.9852,58.32509999999999,-18.0702,9.591300000000002,62,114,120,33.994499999999995,LTC,77.07,75.03,76.4,73.81,-1
1569024000.0,13,34,10,17.936700000000005,-15.7006,67.4904,-22.5533,10.086399999999998,47,121,41,37.0868,LTC,74.95,73.39,74.66,71.78,-1
1569110400.0,6,9,17,4.9643,-6.686800000000002,27.6626,-12.5736,1.6209000000000002,28,43,68,11.7456,LTC,73.21,72.26,73.65,71.32,-1
1569196800.0,61,61,69,29.734300000000005,-59.82579999999997,80.68309999999995,-78.00240000000002,-0.16569999999999968,214,184,208,-27.2064,LTC,72.26,66.55,72.2,62.48,-1
1569283200.0,63,83,66,38.0273,-52.66060000000001,158.49749999999992,-107.55339999999998,11.697,300,332,290,24.613799999999976,LTC,66.55,54.79,60.6,54.73,1
1569369600.0,37,49,37,29.84099999999999,-31.23879999999999,141.44160000000005,-51.53950000000002,14.195799999999998,149,238,144,74.07629999999995,LTC,54.79,57.55,58.75,54.08,-1
1569456000.0,49,56,58,28.80269999999999,-44.78639999999998,100.60809999999996,-63.5804,6.4445000000000014,192,203,233,14.861099999999995,LTC,57.55,55.24,55.64,52.43,1
1569542400.0,17,16,17,8.369200000000001,-14.7518,40.78140000000001,-26.5549,0.9933,75,75,86,6.8506000000000045,LTC,55.24,56.02,56.79,55.01,-1
1569628800.0,12,13,21,5.728700000000001,-10.8412,37.3004,-11.920199999999998,0.2822999999999995,39,85,88,19.908,LTC,56.02,55.54,56.41,55.14,-1
1569715200.0,14,23,20,10.2656,-12.574599999999998,54.7015,-14.5312,4.0299,46,124,64,34.11519999999998,LTC,55.54,54.01,54.64,53.09,1
1569801600.0,32,44,18,23.06390000000001,-34.12499999999999,83.86629999999998,-40.4879,5.9756,101,168,67,26.238499999999977,LTC,54.01,56.17,57.47,55.54,-1
1569888000.0,21,24,23,11.667800000000002,-18.823,42.269199999999984,-20.3377,2.256300000000001,68,100,89,12.520000000000012,LTC,56.17,55.82,57.18,55.11,1
1569974400.0,14,32,22,15.6759,-14.844500000000005,61.5871,-33.383,8.0411,62,113,78,21.097599999999996,LTC,55.9,56.49,58.28,56.16,1
1570060800.0,12,25,23,12.0774,-7.440400000000002,36.34080000000001,-10.5517,8.357199999999999,51,74,96,22.06890000000001,LTC,56.49,56.55,57.21,54.95,-1
1570147200.0,20,26,32,13.038599999999995,-15.178999999999998,54.57589999999996,-18.7117,5.5006999999999975,79,116,124,28.3779,LTC,56.55,56.54,57.58,56.0,1
1570233600.0,6,8,8,3.6534,-5.045999999999999,17.1261,-10.076399999999998,1.1303999999999998,26,34,38,4.5267,LTC,56.54,57.03,57.98,56.4,-1
1570320000.0,5,15,15,7.847,-5.445200000000002,30.3981,-6.5478000000000005,5.163099999999999,19,54,73,21.2825,LTC,57.03,54.62,55.59,53.42,1
1570406400.0,26,18,24,8.8297,-21.50719999999999,35.55590000000001,-50.4716,-1.8981,128,71,84,-25.6177,LTC,54.62,57.73,58.4,56.38,-1
1570492800.0,17,12,21,4.497700000000001,-12.199199999999996,12.070300000000005,-18.6401,-1.5712000000000002,63,33,87,-12.454499999999998,LTC,57.73,57.11,57.71,56.74,1
1570579200.0,42,28,39,13.4549,-38.619999999999976,42.45480000000001,-48.68589999999999,-5.8550999999999975,149,92,151,-25.541099999999986,LTC,57.11,59.31,60.96,58.69,-1
1570665600.0,21,15,19,8.0826,-18.164400000000004,26.4363,-31.039100000000005,-1.0254,81,48,62,-13.762399999999996,LTC,59.31,57.75,59.52,57.41,-1
1570752000.0,29,19,25,7.1427000000000005,-25.48439999999999,27.6567,-36.3121,-5.6217000000000015,109,74,101,-21.442,LTC,57.75,55.88,56.43,54.72,-1
1570838400.0,4,8,9,3.3967,-6.4604,12.866700000000002,-20.8923,0.19229999999999992,31,34,44,-11.1784,LTC,55.95,55.41,56.12,54.37,1
1570924800.0,22,18,10,10.090000000000002,-18.9452,25.441000000000006,-30.912499999999994,0.6174000000000002,88,46,48,-14.944099999999983,LTC,55.41,56.42,57.1,55.43,1
1571011200.0,25,27,28,13.989799999999995,-24.568600000000004,46.8025,-28.921599999999994,1.7601000000000002,80,84,90,5.7241,LTC,56.42,56.8,58.43,56.09,-1
1571097600.0,18,32,20,18.543000000000006,-20.954,88.58909999999996,-33.848,8.104199999999999,72,139,58,44.37869999999999,LTC,56.8,54.57,56.14,53.08,-1
1571184000.0,16,36,33,15.3693,-13.432,64.33659999999998,-18.218,8.6275,56,148,132,39.3252,LTC,54.75,52.56,54.25,51.78,1
1571270400.0,14,46,30,27.22470000000001,-12.8647,131.96149999999997,-21.300400000000003,20.6633,60,214,125,104.06139999999992,LTC,52.53,55.08,55.24,52.77,-1
1571356800.0,14,21,17,11.598499999999998,-11.342199999999998,41.20029999999999,-14.905799999999996,5.927400000000002,49,74,74,20.6234,LTC,55.08,53.2,53.93,52.71,1
1571443200.0,5,10,11,4.992699999999999,-4.2244,24.0154,-6.563600000000001,2.8805,25,47,49,15.3396,LTC,53.2,54.04,54.49,52.45,1
1571529600.0,7,16,12,8.090800000000002,-5.211400000000001,32.0334,-12.412300000000002,5.485100000000001,32,65,69,17.0154,LTC,54.04,55.02,55.53,54.12,1
1571616000.0,10,16,11,7.3705000000000025,-9.307200000000002,25.707000000000008,-10.207,2.7169000000000003,30,58,55,10.846399999999996,LTC,55.02,55.05,55.57,51.41,-1
1571702400.0,8,15,12,7.4099,-6.331400000000002,30.068500000000004,-11.9584,4.244199999999998,36,65,74,14.944399999999998,LTC,55.05,53.41,54.82,53.41,-1
1571788800.0,23,47,34,24.443,-18.8506,149.08299999999997,-39.1209,14.986799999999995,106,267,132,100.23819999999996,LTC,53.53,49.55,49.87,47.74,1
1571875200.0,12,21,24,11.7203,-10.746399999999998,34.863299999999995,-15.975199999999996,6.3342,44,63,98,13.411700000000005,LTC,49.6,49.92,50.01,48.63,1
1571961600.0,37,76,61,37.41330000000002,-35.806,150.0988999999999,-68.09109999999998,19.4804,171,327,275,64.04500000000003,LTC,49.73,57.03,60.07,56.9,-1
1572048000.0,16,31,25,14.033499999999995,-13.372599999999998,59.46920000000003,-27.411499999999997,7.347200000000001,80,131,166,25.37139999999998,LTC,57.03,56.89,61.08,55.44,1
1572134400.0,16,24,22,12.9664,-16.5044,49.5247,-23.3692,4.7142,54,96,91,17.9033,LTC,56.89,59.93,61.47,57.28,-1
1572220800.0,17,18,30,9.2413,-14.9942,30.19790000000001,-16.6367,1.7442000000000002,58,60,131,6.0641,LTC,59.93,57.86,59.04,56.31,1
1572307200.0,11,20,18,9.4223,-12.505599999999998,56.2068,-26.585800000000006,3.1695,53,100,84,23.3682,LTC,57.86,59.91,60.55,59.13,-1
1572393600.0,15,22,23,10.7029,-11.317600000000002,46.4299,-17.6576,5.0441,56,83,104,23.11350000000001,LTC,59.91,57.99,59.64,57.73,1
1572480000.0,13,15,9,7.1518000000000015,-13.1512,39.42249999999999,-17.2319,0.6020000000000003,45,76,46,15.744000000000009,LTC,57.99,58.39,58.75,57.24,1
1572566400.0,8,18,11,8.2664,-8.1848,23.4086,-11.7486,4.1739999999999995,28,49,36,7.5676,LTC,58.36,58.72,59.15,57.83,-1
1572652800.0,4,5,7,2.9169,-2.4088000000000003,8.4157,-3.3237,1.6867,16,14,39,3.8102,LTC,58.72,58.59,58.92,57.84,-1
1572739200.0,15,14,15,8.601799999999999,-14.9036,36.33999999999999,-18.8892,1.15,51,59,60,9.999,LTC,58.59,58.31,58.67,57.07,1
1572825600.0,7,35,17,19.7998,-6.647400000000001,78.7036,-9.1281,16.513099999999998,29,139,86,66.32579999999997,LTC,58.31,61.43,62.46,59.66,1
1572912000.0,9,26,24,13.4872,-6.615800000000001,48.66769999999999,-11.2815,10.1793,41,94,105,34.0783,LTC,61.43,63.23,65.34,62.13,1
1572998400.0,21,27,27,13.3622,-17.775999999999996,60.84229999999997,-24.5825,4.4742,76,123,130,27.3718,LTC,63.23,64.1,64.85,62.48,-1
1573084800.0,34,59,44,30.604499999999994,-35.8478,93.28089999999996,-32.5801,12.7252,96,184,127,42.89249999999999,LTC,64.1,61.28,63.24,60.55,-1
1573171200.0,18,31,18,19.056,-18.644000000000002,55.76999999999999,-40.6145,9.7358,85,99,59,5.837100000000002,LTC,61.28,60.87,61.83,59.42,1
1573257600.0,6,19,12,11.246100000000002,-4.4244,48.6665,-4.7035,9.0225,18,87,42,41.6938,LTC,60.87,62.49,62.77,60.59,1
1573344000.0,28,37,29,21.025199999999995,-22.0484,86.77349999999996,-32.7686,10.001,107,149,148,42.98070000000001,LTC,62.49,63.54,65.31,62.24,-1
1573430400.0,2,6,11,2.5409,-1.902,9.5643,-5.2656,1.5899,13,21,58,3.3476999999999992,LTC,63.54,62.13,62.92,60.34,-1
1573516800.0,6,7,11,3.9607,-5.2288,13.217899999999998,-8.0094,1.3463,26,24,46,2.594100000000001,LTC,62.13,61.31,63.35,60.5,-1
1573603200.0,3,11,15,4.817900000000002,-2.9554,28.797200000000004,-3.9225,3.366,11,52,66,23.44860000000001,LTC,61.31,60.89,62.51,60.23,-1
1573689600.0,11,30,14,15.4815,-11.3897,49.9276,-18.215100000000003,9.6915,45,105,71,26.00539999999999,LTC,60.93,58.94,60.07,58.79,-1
1573776000.0,15,15,11,6.554400000000001,-14.210599999999996,29.96420000000001,-21.305899999999994,-0.5509000000000004,64,67,55,1.5530000000000015,LTC,58.94,57.59,59.09,56.22,1
1573862400.0,7,14,11,4.965600000000001,-6.173599999999999,11.296,-15.0113,1.8788,32,33,31,-6.802099999999997,LTC,57.72,58.4,59.07,57.54,1
1573948800.0,10,12,7,6.7501,-9.007000000000003,41.8183,-16.5222,2.2466,47,79,38,20.79260000000001,LTC,58.4,59.68,59.98,58.43,-1
1574035200.0,13,17,20,8.7598,-13.0644,33.4004,-18.730999999999998,2.2018,49,65,88,8.059799999999994,LTC,59.29,55.84,58.39,54.59,-1
1574121600.0,10,12,16,6.6663999999999985,-8.363000000000001,29.1398,-26.3774,2.5107000000000004,63,54,95,-1.2642999999999989,LTC,55.84,55.12,56.11,54.76,-1
1574208000.0,12,8,6,3.5794,-17.0782,12.820200000000005,-40.902,-4.959699999999999,68,26,39,-36.62089999999999,LTC,55.12,54.95,56.06,54.61,-1
1574294400.0,36,51,48,26.39259999999999,-32.30400000000001,101.95449999999997,-47.9872,10.2664,145,201,189,37.9701,LTC,54.95,50.78,51.95,49.67,-1
1574380800.0,39,45,38,22.4037,-29.790199999999977,114.93109999999993,-67.9068,7.534399999999999,214,205,157,32.206600000000016,LTC,50.78,47.5,48.98,46.61,1
1574467200.0,16,32,18,15.6156,-15.0886,66.44900000000001,-14.491400000000002,8.0971,52,135,81,44.54230000000001,LTC,47.5,48.29,48.77,47.48,-1
1574553600.0,19,15,30,8.174299999999999,-17.8978,51.92949999999998,-52.64030000000001,-0.8004,145,93,152,-9.762900000000004,LTC,48.29,44.04,45.75,43.6,1
1574640000.0,8,21,16,11.7373,-7.7082000000000015,80.09670000000001,-9.3335,7.921900000000003,30,131,82,66.98649999999999,LTC,44.04,45.69,48.13,44.99,1
1574726400.0,8,14,34,7.0483,-7.708399999999998,18.852999999999998,-9.7397,3.1683000000000012,31,38,152,5.013999999999999,LTC,45.69,47.0,47.37,45.81,1
1574812800.0,9,14,20,6.0178,-6.391200000000001,19.055999999999997,-5.0839,2.8480000000000003,26,44,89,10.8281,LTC,47.0,47.81,49.42,47.58,-1
1574899200.0,3,11,14,7.0509,-3.0322000000000005,37.2919,-2.2127,5.560600000000001,7,56,68,33.7179,LTC,47.81,46.95,47.61,46.32,1
1574985600.0,8,20,12,10.171999999999997,-7.660800000000001,48.8521,-11.0442,6.3416,31,92,66,33.977500000000006,LTC,46.95,48.78,49.98,48.64,-1
1575072000.0,16,27,14,12.721800000000002,-15.455399999999996,51.131400000000006,-19.8611,4.9941,57,100,61,23.54260000000001,LTC,48.78,47.38,48.01,46.98,1
1575158400.0,12,20,14,10.804999999999998,-12.1,34.360599999999984,-9.9566,4.755,31,70,57,18.354,LTC,47.38,47.63,48.14,45.98,-1
1575244800.0,10,19,10,11.8282,-8.197199999999999,45.529699999999984,-12.8035,7.7296,35,69,32,28.627600000000008,LTC,47.63,45.62,47.05,45.1,-1
1575331200.0,17,23,21,11.8413,-16.263199999999998,52.112999999999964,-30.21780000000001,3.6800999999999986,81,99,86,13.585999999999993,LTC,45.62,44.87,45.97,44.64,-1
1575417600.0,12,19,31,7.4939,-8.759599999999999,24.2272,-13.9245,3.1528,44,61,141,5.974500000000004,LTC,44.87,44.69,45.26,43.72,1
1575504000.0,16,14,23,6.5215000000000005,-15.016399999999996,31.9336,-28.0547,-0.9243,82,66,93,-3.4786999999999932,LTC,44.69,44.88,46.11,44.35,1
1575590400.0,17,25,18,11.9912,-19.0084,58.05029999999997,-36.9174,2.4504999999999995,75,122,81,11.449300000000004,LTC,44.88,45.37,46.46,45.23,1
1575676800.0,6,7,11,3.775,-5.2696000000000005,14.2868,-7.7801,1.1402,19,21,34,3.8718999999999992,LTC,45.37,45.41,46.19,44.92,1
1575763200.0,15,12,13,5.8245000000000005,-13.105399999999998,23.1528,-19.3575,-0.7126999999999997,49,45,39,-2.7418999999999976,LTC,45.41,45.74,46.2,45.29,-1
1575849600.0,4,11,10,4.5011,-3.3196,18.689700000000006,-4.073,2.8412999999999995,13,47,53,12.9569,LTC,45.74,44.46,44.9,43.96,-1
1575936000.0,5,23,20,11.4819,-5.8164,40.91459999999998,-16.2181,8.5737,28,84,75,21.788300000000003,LTC,44.46,44.14,44.26,43.44,-1
1576022400.0,6,27,19,15.2973,-6.0218,52.72280000000001,-4.8968,12.262400000000005,15,96,43,44.7671,LTC,44.14,43.86,44.48,43.41,-1
1576108800.0,5,11,13,5.765,-2.4616,32.896100000000004,-2.7914,4.508399999999999,17,57,68,28.7707,LTC,43.86,43.63,44.11,43.28,1
1576195200.0,15,15,15,7.1814,-14.881000000000002,32.62519999999999,-17.564,-0.20930000000000004,49,64,60,7.9693,LTC,43.63,44.62,44.74,43.69,-1
1576281600.0,9,6,15,2.6111,-6.432400000000002,19.578200000000013,-12.994699999999998,-0.6309,44,39,79,3.2898999999999985,LTC,44.62,43.41,43.93,43.1,1
1576368000.0,7,13,4,7.8712,-6.5139999999999985,28.421499999999995,-15.6774,4.6142,35,44,20,9.4871,LTC,43.41,43.47,44.13,43.35,-1
1576454400.0,30,40,40,16.9217,-28.315200000000004,47.9864,-46.78139999999999,2.7641,134,131,131,-12.952599999999993,LTC,43.47,39.98,42.5,39.19,-1
1576540800.0,44,59,60,28.849099999999996,-35.69780000000001,112.0299999999999,-58.3988,11.038900000000002,168,223,225,35.975799999999985,LTC,39.98,36.94,38.9,36.74,1
1576627200.0,27,71,58,33.0046,-27.1592,125.0273999999999,-38.1131,19.4766,103,266,183,73.48949999999998,LTC,36.94,40.91,42.68,40.38,-1
1576713600.0,15,31,14,15.913599999999995,-12.233,87.50859999999996,-28.747200000000007,9.7971,95,172,69,52.64489999999999,LTC,40.91,39.83,40.87,39.37,1
1576800000.0,12,20,17,10.1935,-10.175,62.8032,-19.850099999999994,5.106,55,128,96,37.86559999999999,LTC,39.83,40.22,40.72,39.86,-1
1576886400.0,9,20,5,10.793800000000005,-8.488999999999999,59.35329999999999,-20.3099,6.5493000000000015,49,110,43,34.79890000000001,LTC,40.22,39.79,40.19,39.66,1
1576972800.0,11,22,23,10.4532,-10.017399999999997,33.11619999999999,-12.2281,5.392899999999997,39,68,92,15.518199999999995,LTC,39.79,41.95,43.29,41.75,-1
1577059200.0,12,17,13,10.5463,-11.123800000000005,37.24949999999999,-10.5017,4.9844,35,64,86,21.185900000000004,LTC,41.95,40.57,41.32,40.27,-1
1577145600.0,12,14,15,7.805200000000001,-9.1564,25.555000000000003,-26.887900000000005,3.227,82,46,103,-5.9111,LTC,40.57,40.37,41.01,39.85,-1
1577232000.0,0,13,8,7.826899999999998,0.0,59.613899999999994,0.0,7.826899999999998,0,96,50,59.613899999999994,LTC,40.37,40.11,40.49,39.54,-1
1577318400.0,13,15,7,8.589599999999999,-10.700399999999998,29.332400000000003,-17.0304,3.2394000000000007,51,55,40,6.951800000000004,LTC,40.11,40.06,40.67,39.68,1
1577404800.0,19,21,29,10.0844,-16.1452,39.12400000000001,-19.3276,2.0118,67,81,90,11.723799999999995,LTC,40.06,40.97,41.43,40.15,1
1577491200.0,13,23,13,12.6648,-14.688600000000005,50.6344,-25.669900000000005,5.320500000000001,54,103,80,17.6202,LTC,40.97,43.0,43.69,41.29,1
1577577600.0,7,9,15,5.3833,-6.231800000000002,31.3757,-13.2089,2.2673999999999994,35,47,108,15.050899999999995,LTC,43.0,43.15,43.78,42.66,-1
1577664000.0,2,6,8,3.5052000000000003,-1.6656,21.0236,-1.9695,2.6724,7,38,53,18.2213,LTC,43.15,42.32,43.36,41.86,-1
1577750400.0,3,10,8,5.3772,-2.6140000000000003,36.548,-1.307,4.0314999999999985,6,59,44,33.66310000000001,LTC,42.32,41.23,42.51,41.13,1
1577836800.0,0,7,4,5.6305,0.0,37.06010000000001,0.0,5.6305,0,50,31,37.06010000000001,LTC,41.23,41.59,41.86,41.16,-1
1577923200.0,15,18,22,8.8881,-14.587600000000002,35.79099999999999,-22.1295,1.5881000000000003,62,69,76,6.253099999999997,LTC,41.59,39.45,40.62,39.33,1
1578009600.0,12,26,12,12.474799999999998,-13.684799999999996,49.7565,-19.3043,5.6195,46,110,62,23.63560000000001,LTC,39.45,42.36,42.36,41.05,1
1578096000.0,9,16,6,7.6125,-10.098600000000003,25.5761,-15.8632,2.5632,37,50,29,4.663599999999999,LTC,42.36,42.82,43.05,41.98,1
1578182400.0,12,9,13,4.5095,-15.2414,30.083000000000002,-22.221300000000006,-3.1112,40,56,76,0.24100000000000102,LTC,42.82,43.32,43.81,42.33,1
1578268800.0,6,17,20,9.1061,-5.0360000000000005,35.54149999999999,-7.371399999999999,6.636900000000002,20,66,109,25.94490000000001,LTC,43.32,45.88,46.56,45.57,1
1578355200.0,10,36,39,18.0482,-5.7602,80.84549999999993,-7.2507,15.2197,35,150,194,70.99849999999995,LTC,45.88,46.53,48.32,46.4,-1
1578441600.0,14,27,15,13.745400000000002,-12.790400000000002,52.39059999999999,-34.4833,7.350200000000001,78,102,78,11.512100000000007,LTC,46.53,45.31,46.61,44.2,-1
1578528000.0,4,13,12,5.484700000000001,-3.3784,18.078299999999995,-3.7602,3.7955,13,43,70,12.6289,LTC,45.31,44.72,45.1,43.89,1
1578614400.0,17,37,50,17.387099999999993,-14.8204,59.1309,-22.5258,9.976900000000002,73,128,224,29.194899999999986,LTC,44.72,49.11,50.44,46.57,1
1578700800.0,12,31,27,16.4003,-11.985,98.7976,-21.7825,10.407800000000003,58,194,165,71.02259999999994,LTC,49.11,49.42,51.15,47.67,1
1578787200.0,2,18,8,8.314,-1.625,51.7783,-2.7089,7.501500000000003,9,103,73,48.2569,LTC,49.42,51.38,52.08,50.14,-1
1578873600.0,7,17,16,9.108300000000002,-6.755400000000002,56.80769999999998,-21.985100000000006,5.7306,55,110,128,31.4449,LTC,51.38,49.64,51.16,49.1,1
1578960000.0,53,74,99,34.0552,-46.293599999999984,154.1989000000001,-108.06640000000002,10.928,280,339,486,23.27670000000001,LTC,49.64,58.43,60.76,53.85,-1
1579046400.0,10,25,22,12.1688,-8.4798,74.99409999999997,-15.7459,7.9418000000000015,51,158,143,55.09860000000002,LTC,58.43,58.24,60.34,56.95,-1
1579132800.0,9,14,16,5.903200000000001,-6.273199999999999,31.6166,-15.3703,2.7666000000000004,49,73,83,13.109699999999995,LTC,58.24,57.51,58.72,55.56,1
1579219200.0,25,49,42,25.06,-19.187399999999997,125.35880000000004,-31.5188,15.547000000000004,101,243,230,84.40770000000002,LTC,57.51,60.97,63.3,58.07,-1
1579305600.0,7,21,10,13.5398,-6.6684,67.7325,-8.7366,10.2056,27,111,60,55.66169999999999,LTC,60.97,59.22,62.31,58.38,-1
1579392000.0,3,13,18,5.6772,-1.646,38.2075,-7.5852,4.8542,31,93,152,29.7993,LTC,59.22,57.66,59.86,56.2,-1
1579478400.0,5,5,13,1.8223,-2.6208,9.0215,-3.3697,0.5119000000000001,18,25,83,4.3414,LTC,57.66,57.09,58.18,56.28,1
1579564800.0,3,20,16,10.9813,-2.9542,44.42390000000002,-2.391,9.5042,8,85,86,40.555800000000026,LTC,57.09,57.41,58.65,57.1,1
1579651200.0,13,16,9,8.613600000000002,-10.9114,27.6134,-22.3597,3.1431,69,50,52,-0.2463999999999969,LTC,57.41,58.31,58.88,56.8,-1
1579737600.0,26,39,28,21.2607,-24.6026,84.72969999999995,-37.54380000000001,8.877,101,153,104,34.50629999999999,LTC,58.31,54.29,56.8,53.24,1
1579824000.0,22,27,33,14.156099999999995,-19.7256,57.8064,-20.1337,4.267499999999999,65,117,126,27.75830000000001,LTC,54.29,54.5,55.08,51.67,-1
1579910400.0,9,8,7,3.7882,-10.002400000000002,20.392599999999995,-15.0766,-1.213,39,39,31,0.3147999999999992,LTC,54.5,53.25,54.41,52.35,1
1579996800.0,8,10,11,4.0634,-7.7044,12.256000000000002,-9.2892,0.2112000000000001,26,28,52,-0.8853999999999993,LTC,53.25,56.15,56.79,54.63,1
1580083200.0,20,30,42,15.4746,-16.040399999999998,58.38149999999999,-35.26139999999999,7.4544,101,104,174,15.0999,LTC,56.15,58.4,60.67,57.55,1
1580169600.0,14,33,30,16.7009,-10.4692,68.2691,-8.8908,11.405599999999994,35,136,100,53.939599999999984,LTC,58.4,60.84,63.54,60.46,-1
1580256000.0,8,35,23,20.8071,-9.766,91.41229999999996,-14.5691,15.9637,38,148,105,72.03939999999997,LTC,60.84,59.91,62.51,59.69,1
1580342400.0,25,76,75,37.373700000000014,-18.566600000000005,194.14240000000015,-37.86639999999999,28.11620000000002,115,407,388,147.1474999999999,LTC,59.91,67.84,70.02,60.04,1
1580428800.0,21,48,29,28.1356,-19.6624,135.2126,-21.811800000000005,18.3302,68,235,140,103.62120000000004,LTC,67.84,67.86,69.38,66.27,1
1580515200.0,17,38,31,20.1169,-12.826599999999996,96.33259999999996,-29.1533,13.6845,95,176,130,60.727799999999974,LTC,67.86,70.75,72.65,67.79,-1
1580601600.0,20,29,22,12.9678,-18.4632,67.5587,-16.8153,3.774399999999999,58,144,116,41.58820000000001,LTC,70.75,69.93,72.63,68.44,-1
1580688000.0,26,40,28,23.4028,-24.679399999999994,99.98050000000002,-32.0106,11.042400000000004,89,177,112,55.56809999999997,LTC,69.93,69.57,71.02,68.67,-1
1580774400.0,18,31,21,14.9133,-14.923199999999998,48.7981,-15.834,7.5154999999999985,63,101,80,25.60150000000001,LTC,69.57,67.89,69.46,66.42,1
1580860800.0,10,41,32,20.245200000000004,-9.621199999999998,120.70659999999997,-27.0468,15.4088,75,240,175,88.74599999999997,LTC,67.89,72.64,74.29,70.59,1
1580947200.0,26,33,31,16.629,-26.8352,66.72069999999997,-40.96120000000001,3.2372000000000005,120,141,119,12.290300000000009,LTC,72.64,73.5,75.72,72.24,1
1581033600.0,5,22,17,12.752599999999996,-2.1078,56.05730000000001,-2.2027,11.724500000000004,18,102,105,52.90390000000002,LTC,73.5,74.45,75.56,73.19,1
1581120000.0,8,44,38,24.731499999999997,-6.4578,116.16050000000004,-6.334200000000001,21.528399999999994,28,204,257,106.6748,LTC,74.45,76.54,78.43,73.17,1
1581206400.0,11,30,17,18.1856,-9.297599999999996,95.3145,-14.3703,13.5155,45,154,71,76.22970000000002,LTC,76.54,77.11,79.87,75.84,-1
1581292800.0,9,32,19,18.2225,-6.2402000000000015,70.89519999999997,-6.928299999999999,15.1024,28,129,82,60.84680000000001,LTC,77.11,74.03,75.41,72.79,1
1581379200.0,14,25,41,14.3148,-12.637599999999996,78.81409999999997,-26.7933,7.996,71,137,187,45.701999999999984,LTC,74.03,76.82,78.59,75.92,1
1581465600.0,32,49,77,24.8362,-26.540799999999994,123.51829999999997,-41.5726,11.565799999999998,134,232,392,68.59789999999998,LTC,76.82,81.23,82.88,77.22,-1
1581552000.0,18,40,36,20.385,-14.611799999999995,80.0394,-18.1631,13.1083,74,147,162,54.658,LTC,81.23,80.67,83.39,77.48,1
1581638400.0,7,33,32,18.6231,-4.806600000000001,88.12939999999996,-16.621699999999993,16.2198,51,158,194,69.10439999999998,LTC,80.67,82.98,84.19,80.49,-1
1581724800.0,13,29,25,13.247600000000002,-9.3954,45.37279999999996,-18.9798,8.498299999999999,75,98,130,21.5921,LTC,82.98,76.63,80.05,75.61,-1
1581811200.0,17,28,21,16.1823,-15.5258,95.02879999999996,-54.418000000000006,8.419399999999996,108,180,118,32.8479,LTC,76.63,74.79,79.89,69.52,-1
1581897600.0,13,24,18,12.9806,-12.369399999999995,62.83869999999998,-27.5178,6.7795000000000005,78,108,101,28.98860000000001,LTC,74.79,73.29,73.88,68.92,1
1581984000.0,14,29,36,15.3206,-15.9706,84.52929999999994,-35.0088,7.373500000000003,89,164,216,41.6116,LTC,73.29,77.2,79.1,74.36,-1
1582070400.0,19,33,35,16.4701,-17.584600000000005,92.4281,-27.2804,7.677800000000002,73,172,171,56.35540000000002,LTC,77.2,70.53,74.24,68.88,-1
1582156800.0,18,26,31,12.6961,-11.561600000000006,54.672799999999974,-14.9107,6.933500000000001,62,98,125,33.9919,LTC,70.53,69.44,72.16,67.54,1
1582243200.0,17,25,31,14.9704,-14.776000000000005,63.0818,-17.403000000000002,7.5824000000000025,59,104,139,38.29079999999999,LTC,69.44,73.41,74.9,69.47,1
1582329600.0,3,20,17,13.405700000000005,-2.3162000000000003,86.9448,-5.018599999999998,12.247600000000002,16,128,94,80.7681,LTC,73.41,74.91,76.84,72.56,1
1582416000.0,16,14,10,6.7116,-14.573199999999995,37.12669999999999,-25.718200000000003,-0.5749999999999998,70,76,49,4.121899999999999,LTC,74.91,79.9,80.6,77.16,-1
1582502400.0,15,16,19,8.2201,-10.605399999999994,26.6547,-18.8935,2.9174,64,50,84,2.4585000000000043,LTC,79.9,75.61,77.46,72.96,-1
1582588800.0,21,20,38,10.4744,-18.602400000000006,50.0787,-31.0183,1.1964000000000006,85,85,133,9.9448,LTC,75.61,71.01,73.24,69.96,-1
1582675200.0,38,55,41,30.596800000000005,-35.7854,121.88709999999986,-45.01299999999999,12.753,129,219,138,59.19739999999998,LTC,71.01,60.59,67.7,58.39,1
1582761600.0,11,25,9,13.9675,-10.2044,64.71149999999999,-16.262999999999998,8.8653,47,117,35,43.34629999999997,LTC,60.59,61.69,64.07,59.15,-1
1582848000.0,18,13,30,7.4716999999999985,-16.689399999999996,27.99740000000001,-25.7755,-0.8730000000000002,76,52,108,-6.1228000000000025,LTC,61.69,60.07,62.1,58.45,-1
1582934400.0,8,10,4,5.608500000000001,-7.5026,13.5737,-8.6989,1.8572,25,25,28,1.1235,LTC,60.07,58.16,59.97,57.74,-1
1583020800.0,4,19,18,10.6921,-4.5714000000000015,32.9497,-5.583399999999998,8.4064,14,58,59,25.080600000000004,LTC,58.16,57.9,59.53,56.58,1
1583107200.0,12,9,7,4.734,-10.9268,18.704,-13.0006,-0.7293999999999996,45,35,34,0.2400000000000008,LTC,57.9,61.47,62.68,59.74,-1
1583193600.0,5,11,11,5.1644000000000005,-5.0404,16.6552,-10.2961,2.6442,25,33,72,3.8388999999999993,LTC,61.47,61.09,61.57,59.59,-1
1583280000.0,7,9,11,5.9075000000000015,-6.779200000000001,32.9473,-13.6403,2.5179,33,43,50,15.917399999999995,LTC,61.09,60.54,61.43,59.45,1
1583366400.0,3,24,19,11.86,-3.378,53.24959999999998,-9.9448,10.150800000000002,17,109,94,41.49459999999998,LTC,60.54,62.15,62.92,61.57,1
1583452800.0,10,11,9,5.123099999999999,-9.118999999999998,23.6379,-12.7124,0.5636000000000002,39,64,56,6.366000000000001,LTC,62.15,63.4,63.81,62.18,-1
1583539200.0,6,6,8,2.8960000000000004,-5.799199999999999,18.9457,-15.853999999999996,-0.04229999999999995,38,41,32,0.15340000000000056,LTC,63.4,60.55,62.61,60.41,-1
1583625600.0,17,10,18,3.5798000000000005,-17.361,19.565600000000003,-30.1853,-4.988600000000001,73,47,83,-18.725,LTC,60.55,51.18,54.8,50.34,-1
1583712000.0,36,56,35,26.42480000000001,-37.427,95.10729999999992,-32.9104,7.6708,105,205,111,43.44290000000001,LTC,51.18,50.53,51.15,48.44,-1
1583798400.0,8,11,22,5.0852,-7.1282000000000005,18.6908,-14.649599999999998,1.5211,38,40,82,0.4770999999999994,LTC,50.53,50.23,50.57,49.14,-1
1583884800.0,10,23,9,10.855300000000002,-8.690199999999999,42.86679999999998,-21.312200000000004,6.510199999999998,54,95,25,17.209500000000002,LTC,50.23,48.6,50.69,47.65,-1
1583971200.0,87,117,96,57.7675,-78.46199999999997,225.09789999999973,-136.39499999999992,18.5342,369,462,353,49.57739999999998,LTC,48.6,30.49,31.88,25.27,1
1584057600.0,32,54,34,28.2411,-36.05740000000001,93.91399999999993,-61.3178,10.167000000000003,136,188,142,14.4767,LTC,30.49,37.93,38.84,33.62,-1
1584144000.0,30,34,21,19.050700000000006,-32.2112,72.31870000000002,-40.2832,2.9193,104,122,70,15.878299999999998,LTC,37.93,34.43,35.2,33.88,1
1584230400.0,10,13,15,8.58,-11.4286,32.6505,-15.6419,2.8377000000000008,38,52,64,11.2383,LTC,34.43,36.3,36.58,34.8,-1
1584316800.0,20,20,24,9.3123,-15.545799999999995,43.19639999999999,-30.755199999999995,1.5393999999999997,95,91,106,4.668299999999999,LTC,36.3,33.25,34.57,32.6,1
1584403200.0,8,10,9,3.6954,-6.8112,13.642999999999999,-9.5695,0.2897999999999997,36,37,49,0.6678999999999996,LTC,33.25,34.23,35.68,34.01,1
1584489600.0,17,44,14,22.5515,-18.238200000000006,77.70030000000001,-27.5212,13.4324,69,139,51,41.060000000000024,LTC,34.23,34.83,35.47,34.26,1
1584576000.0,13,22,18,12.2551,-12.307,48.65340000000001,-20.704799999999995,6.1016,54,80,81,21.7951,LTC,34.8,39.09,40.84,34.1,-1
1584662400.0,15,10,15,4.7532,-14.8778,20.704500000000007,-16.0428,-2.9970999999999988,41,40,55,-2.4271,LTC,39.09,38.09,43.81,34.19,1
1584748800.0,10,21,16,8.890600000000003,-9.9586,30.324,-14.245500000000005,3.911299999999999,41,72,68,11.0992,LTC,38.06,38.37,38.8,37.71,-1
1584835200.0,3,2,7,1.4260000000000002,-3.1606,21.914000000000005,-9.1173,-0.15429999999999988,26,25,47,11.216400000000002,LTC,38.38,35.46,39.7,34.88,1
1584921600.0,1,7,12,4.7077,-0.5920000000000001,17.3262,-0.8879999999999999,4.4375,4,26,68,16.2454,LTC,35.46,39.11,40.0,34.61,1
1585008000.0,8,6,12,1.5557999999999998,-6.553200000000002,5.626600000000002,-7.2198,-1.7466000000000002,26,25,65,-5.0246,LTC,39.17,40.69,41.05,39.89,-1
1585094400.0,2,8,8,4.6486,-1.6043999999999998,21.6132,-8.018799999999999,3.8464,22,37,47,12.7922,LTC,40.69,39.3,40.69,38.97,1
1585180800.0,8,9,10,4.1574,-7.5554000000000014,17.5141,-9.5407,0.3796999999999999,30,37,48,4.1957,LTC,39.3,40.56,40.59,39.33,-1
1585267200.0,3,9,5,6.0134,-2.903,32.6154,-3.4725,4.5619,13,45,27,27.6914,LTC,40.56,38.14,38.83,37.59,1
1585353600.0,4,11,3,5.9458,-3.9154,24.7087,-27.299799999999994,3.9881,44,43,10,-4.548800000000004,LTC,38.14,38.93,39.5,36.84,-1
1585440000.0,2,4,12,1.6056,-1.3854000000000002,9.576,-1.9501,0.8669,7,22,72,6.6572000000000005,LTC,38.93,37.12,37.25,36.27,1
1585526400.0,13,17,21,8.4933,-13.649199999999995,27.4125,-28.378499999999995,1.6686999999999996,62,57,89,-7.7906,LTC,37.12,39.03,40.65,38.48,1
1585612800.0,7,8,5,4.9376000000000015,-5.953200000000002,14.625999999999998,-3.4427,1.961,16,26,19,8.2067,LTC,39.03,39.15,39.36,38.43,1
1585699200.0,12,13,8,7.178799999999999,-15.472800000000005,35.42449999999999,-24.2242,-0.5834000000000003,54,63,40,3.386500000000003,LTC,39.15,39.37,40.99,39.29,1
1585785600.0,6,15,18,7.4533,-3.731,19.6303,-7.8831000000000016,5.627999999999999,33,44,78,10.002299999999998,LTC,39.37,39.94,40.87,39.81,1
1585872000.0,2,4,8,1.8707,-2.213,12.060300000000002,-1.9068,0.7641999999999999,6,25,43,9.047,LTC,39.94,40.54,40.64,39.52,1
1585958400.0,0,5,5,2.4799,0.0,9.807,0.0,2.4799,0,19,26,9.807,LTC,40.54,40.84,41.54,40.47,-1
1586044800.0,5,13,10,5.6884000000000015,-6.289399999999999,22.8177,-8.180100000000001,2.5436999999999994,17,52,43,11.4929,LTC,40.84,40.38,40.75,40.22,1
1586131200.0,2,7,14,3.5521000000000003,-1.4786,18.9602,-1.1724,2.8257000000000003,4,42,67,17.061400000000006,LTC,40.38,45.13,45.86,43.47,-1
1586217600.0,2,12,15,7.4933,-2.2774,28.3377,-2.9128,6.3546000000000005,9,45,78,24.2862,LTC,45.13,44.82,46.17,44.22,1
1586304000.0,3,13,7,8.3132,-3.4128,26.570000000000004,-3.1536,6.601099999999999,7,44,25,21.692900000000005,LTC,44.82,46.61,47.12,45.49,-1
1586390400.0,1,8,6,4.5628,-1.7972,19.3615,-8.087399999999999,3.6642,10,36,27,10.375500000000004,LTC,46.61,46.31,46.69,45.7,-1
1586476800.0,5,13,6,6.796899999999999,-4.3702000000000005,30.7338,-6.0043,4.6118,20,53,19,22.5444,LTC,46.31,42.35,43.83,41.62,1
1586563200.0,2,3,5,1.1806,-2.4564,3.0479,-3.0776,-0.04759999999999976,6,8,20,-1.2579000000000002,LTC,42.35,42.59,42.98,42.21,-1
1586649600.0,2,10,6,4.7045,-1.4738000000000002,14.6103,-4.0211000000000015,3.9676,16,30,46,9.8523,LTC,42.59,42.05,43.11,41.73,-1
1586736000.0,1,3,4,0.8703000000000001,-1.0846,4.9326,-0.5423,0.3280000000000001,2,15,20,3.8480000000000003,LTC,42.05,41.32,41.76,40.83,-1
1586822400.0,0,6,10,3.2975,0.0,13.119700000000002,0.0,3.2975,0,23,40,13.119700000000002,LTC,41.32,41.27,41.57,41.08,-1
1586908800.0,5,16,7,7.351299999999998,-4.1602000000000015,30.7756,-8.0951,5.2711999999999986,23,66,29,20.6004,LTC,41.27,39.29,40.0,39.26,1
1586995200.0,9,36,12,22.1487,-9.7284,80.7984,-13.7918,17.2845,33,131,42,62.14240000000001,LTC,39.29,42.59,43.63,41.46,-1
1587081600.0,5,12,7,6.904200000000001,-4.8896,38.57019999999999,-6.642199999999999,4.459400000000001,18,59,34,29.483200000000004,LTC,42.59,42.25,42.43,41.58,1
1587168000.0,4,14,12,7.297600000000001,-3.5752,25.9628,-4.0222,5.535800000000001,12,47,49,20.3078,LTC,42.25,44.22,44.31,43.25,-1
1587254400.0,7,5,4,2.8988,-7.6664,19.3382,-8.3125,-0.9344,29,29,28,7.192499999999999,LTC,44.22,42.29,43.52,42.18,-1
1587340800.0,12,17,11,8.165,-14.794999999999998,29.3796,-22.6847,0.7675000000000003,48,59,37,-0.7026000000000008,LTC,42.29,40.3,41.1,40.06,1
1587427200.0,6,6,12,3.1876,-4.7848000000000015,11.619099999999998,-8.9009,0.7951999999999999,26,19,50,0.3257999999999983,LTC,40.3,40.68,40.95,40.16,1
1587513600.0,0,9,6,4.5045,0.0,21.2021,0.0,4.5045,0,40,32,21.2021,LTC,40.68,41.9,42.44,41.83,1
1587600000.0,25,33,13,16.1559,-19.7354,84.47099999999992,-23.6052,6.235799999999998,83,159,48,50.73449999999998,LTC,41.9,43.02,44.1,42.61,1
1587686400.0,4,10,5,6.269100000000001,-3.1330000000000005,27.083399999999994,-7.261,4.7026,22,37,13,18.2559,LTC,43.02,44.55,44.84,42.99,-1
1587772800.0,2,7,11,4.1190000000000015,-3.0176,22.0518,-5.3748000000000005,2.6489,8,36,44,15.323,LTC,44.55,44.45,45.36,44.22,1
1587859200.0,5,8,8,4.78,-4.6524,10.483500000000003,-2.4911,2.4538,13,18,35,5.6662,LTC,44.45,44.61,45.75,44.6,-1
1587945600.0,4,10,15,6.951300000000002,-2.6010000000000004,27.99610000000001,-1.0045,5.6508,7,38,52,25.6911,LTC,44.61,44.56,45.45,44.1,1
1588032000.0,8,11,10,6.3706000000000005,-8.042800000000002,25.245200000000004,-12.9772,2.3492,36,42,33,8.246599999999999,LTC,44.56,45.77,46.04,43.96,1
1588118400.0,23,38,24,17.780799999999996,-16.213599999999996,68.09329999999999,-20.6499,9.628300000000003,87,136,94,39.19719999999999,LTC,45.77,48.84,52.29,48.05,-1
1588204800.0,7,26,16,13.305999999999996,-7.1066,44.46029999999999,-8.187899999999999,9.7873,23,96,66,32.89209999999999,LTC,48.84,46.43,48.73,45.42,1
1588291200.0,6,8,6,3.1278,-7.0286,17.7694,-9.0458,-0.3864999999999997,19,44,22,5.209300000000002,LTC,46.43,47.09,48.23,46.81,1
1588377600.0,9,10,15,4.551,-7.4942,15.377699999999995,-8.9246,0.8039000000000001,30,41,59,2.7060000000000004,LTC,47.09,49.23,49.94,47.64,-1
1588464000.0,6,20,6,9.6008,-6.660400000000001,37.2021,-9.1996,6.2706,27,72,27,24.67230000000001,LTC,49.23,48.16,49.38,47.62,-1
1588550400.0,2,7,7,3.1848000000000005,-1.1368,21.8228,-3.4668,2.6164,12,40,41,17.787599999999994,LTC,48.16,47.07,48.03,46.7,-1
1588636800.0,10,16,14,9.3734,-10.930599999999995,40.40730000000002,-15.668,3.9081,41,62,41,19.274000000000008,LTC,47.07,46.59,48.19,46.53,-1
1588723200.0,12,23,18,12.5576,-10.4514,62.6443,-9.3799,7.331899999999997,38,122,66,48.0387,LTC,46.59,45.0,47.71,44.95,1
1588809600.0,23,34,24,18.833,-25.94899999999999,73.93279999999997,-42.6565,5.858500000000001,90,128,85,18.3018,LTC,45.0,47.47,49.73,46.82,1
1588896000.0,9,25,16,12.3857,-7.0958,72.7608,-22.7084,8.856900000000003,52,152,56,46.601000000000006,LTC,47.47,47.73,48.09,46.27,-1
1588982400.0,15,18,16,7.596000000000001,-13.825400000000002,34.742200000000004,-16.4458,0.6833000000000002,60,78,63,11.3837,LTC,47.73,46.96,47.96,46.31,-1
1589068800.0,27,35,18,18.3728,-29.879,87.99659999999994,-40.3714,3.4075000000000024,100,155,60,32.58250000000001,LTC,46.96,42.09,43.15,41.61,-1
1589155200.0,20,32,26,16.1596,-19.2172,65.94490000000002,-28.352500000000006,6.5169000000000015,79,126,104,27.881500000000006,LTC,42.09,41.53,41.68,39.99,1
1589241600.0,3,25,17,12.9485,-2.5778000000000003,68.28939999999997,-2.5778,11.6394,9,112,54,64.36209999999998,LTC,41.53,42.24,42.92,41.77,1
1589328000.0,2,11,8,6.197100000000002,-1.8364000000000005,29.7971,-6.9486,5.2789,20,51,30,21.9303,LTC,42.24,43.27,44.63,42.98,1
1589414400.0,10,22,15,12.7377,-7.8444,56.700400000000016,-10.272,8.8357,42,89,65,42.5062,LTC,43.27,43.99,45.48,43.77,-1
1589500800.0,9,13,11,6.0394999999999985,-10.2486,16.6229,-24.2021,0.8893999999999999,56,37,58,-13.013099999999998,LTC,44.0,42.74,44.12,41.93,1
1589587200.0,2,4,5,2.4263,-2.3292,9.4531,-5.166,1.2617,11,14,17,3.1225000000000005,LTC,42.75,43.27,43.49,42.84,1
1589673600.0,7,24,11,15.5611,-6.553999999999999,62.56099999999999,-8.4654,12.2841,25,105,48,50.8186,LTC,43.25,43.69,44.48,43.11,1
1589760000.0,6,20,28,11.1698,-6.7932000000000015,53.48030000000002,-7.1735,7.857100000000001,18,96,140,43.42660000000001,LTC,43.69,45.31,46.79,43.65,1
1589846400.0,8,18,14,11.3436,-6.896,66.0067,-11.6821,7.895599999999997,39,103,112,50.87660000000001,LTC,45.31,45.75,45.79,44.15,-1
1589932800.0,8,12,13,6.6239,-7.512999999999999,39.3072,-8.8165,2.8674,27,60,65,26.73419999999999,LTC,45.75,44.21,46.14,43.14,-1
1590019200.0,4,11,6,6.1679,-2.8962000000000003,24.835400000000003,-4.388999999999999,4.7327,17,43,28,18.9854,LTC,44.21,42.67,44.59,41.71,1
1590105600.0,6,16,13,8.5546,-5.4766,33.83860000000001,-13.2163,5.816300000000001,37,69,64,17.884000000000004,LTC,42.67,44.22,44.65,42.37,-1
1590192000.0,14,25,8,14.0397,-14.3546,47.166,-25.701000000000004,6.8624,58,78,31,14.287699999999996,LTC,44.22,43.86,44.72,43.7,-1
1590278400.0,5,15,5,9.4483,-4.293199999999999,69.61269999999999,-13.6127,7.3017,34,112,27,53.85339999999998,LTC,43.88,42.1,42.27,41.53,1
1590364800.0,2,12,4,7.876300000000001,-0.7658,40.34000000000001,-0.4046,7.3128,3,65,30,39.73310000000001,LTC,42.1,42.98,43.72,42.82,-1
1590451200.0,11,18,7,10.9088,-7.953199999999999,38.26310000000001,-12.9407,6.932200000000003,47,59,36,21.34580000000001,LTC,42.98,42.29,42.77,42.08,1
1590537600.0,3,12,9,7.3474,-1.3414,50.2004,-1.6476000000000002,6.6767,11,73,62,47.8821,LTC,42.29,43.88,44.31,43.72,1
1590624000.0,8,8,13,4.3332000000000015,-8.1494,13.4472,-6.6934000000000005,0.2585000000000001,21,29,51,2.679099999999998,LTC,43.88,44.78,45.71,44.56,-1
1590710400.0,4,7,4,3.3528,-3.823,11.8222,-5.540699999999998,1.4413,17,23,15,4.370000000000001,LTC,44.78,44.47,44.84,43.99,1
1590796800.0,5,20,8,11.5692,-2.9844000000000013,55.98260000000001,-10.046,10.077000000000002,37,101,27,44.4444,LTC,44.47,47.74,48.31,45.73,-1
1590883200.0,8,5,6,4.501,-8.6694,17.2853,-28.2673,0.16630000000000006,51,19,36,-15.316700000000004,LTC,47.74,45.58,46.87,45.41,1
